Position,Date,Search_Term,Description,Amount,FLAG,Line Info
Page-2_Line-25,6/17/2020,301,NEUROPHYS  MONIT  IN  OR  P/15  (QTY  OF,3016,,Page-2_Line-25  : 06/17/20  0740  27811037  NEUROPHYS  MONIT  IN  OR  P/15  (QTY  OF  0000013)  3016.00
Page-2_Line-26,6/17/2020,301,O7LO  34301000  RECOVERY  ROOM  INITIAL  HOUR,3616,,Page-2_Line-26  : 06/17/20  O7LO  34301000  RECOVERY  ROOM  INITIAL  HOUR  3616.00
Page-3_Line-56,6/18/2020,301,BASIC  METABOLIC  PANEL,601,Check the Amount,Page-3_Line-56  : 06/18/20  0301  22002125  BASIC  METABOLIC  PANEL
Page-3_Line-8,67013013,301,CT  ABD  &  PLVS  W  CONTRAST,0,Check the Amount,Page-3_Line-8  : 0€/18/20  0352  67013013  CT  ABD  &  PLVS  W  CONTRAST
Page-4_Line-100,6/19/2020,301,FERRITIN,226,,Page-4_Line-100  : 06/19/20  0301  25203941  FERRITIN  226.00
Page-4_Line-103,6/19/2020,301,VITAMIN  B  12  TEST,216,,Page-4_Line-103  : 06/19/20  0301  25205514  VITAMIN  B  12  TEST  216.00
Page-4_Line-93,22002124,301,COMPREHENSIVE  METABOLIC  PA,507,,Page-4_Line-93  : 0€/19/20  0301  22002124  COMPREHENSIVE  METABOLIC  PA  507.00
Page-4_Line-94,22004752,301,HEMOGLOBIN  GLYCOSYLATED,140,,Page-4_Line-94  : 0€/19/20  0301  22004752  HEMOGLOBIN  GLYCOSYLATED  140.00
Page-4_Line-96,22007145,301,PHOSPHORUS  SERUM,111,,Page-4_Line-96  : 0€/19/20  0301  22007145  PHOSPHORUS  SERUM  111.00
Page-5_Line-39,6/19/2020,301,VENIPUNCTURE  ROUTINE  SFEC,26,Check the Amount,Page-5_Line-39  : 06/19/20  0301  22000015  VENIPUNCTURE  ROUTINE  SFEC
Page-5_Line-40,6/19/2020,301,VENIPUNCTURE  ROUTINE  SPEC,26,Check the Amount,Page-5_Line-40  : 06/19/20  0301  22000015  VENIPUNCTURE  ROUTINE  SPEC
Page-5_Line-41,6/19/2020,301,VENIFUNCTURE  ROUTINE  SFEC,26,Check the Amount,Page-5_Line-41  : 06/19/20  0301  22000015  VENIFUNCTURE  ROUTINE  SFEC
Page-5_Line-42,6/20/2020,301,RENAL  FUNCTION  PANEL,427,Check the Amount,Page-5_Line-42  : 06/20/20  0301  22002123  RENAL  FUNCTION  PANEL
Page-5_Line-43,6/20/2020,301,MAGNESIUM,176,Check the Amount,Page-5_Line-43  : 06/20/20  0301  22006251  MAGNESIUM
Page-5_Line-60,6/20/2020,301,VENIPUNCTURE  ROUTINE  SPEC,26,Check the Amount,Page-5_Line-60  : 06/20/20  0301  22000015  VENIPUNCTURE  ROUTINE  SPEC
Page-5_Line-61,22000015,301,VENIPUNCTURE  ROUTINE  SPEC,26,Check the Amount,Page-5_Line-61  : 0€/20/20  0301  22000015  VENIPUNCTURE  ROUTINE  SPEC
Page-5_Line-62,6/20/2020,301,VENIPUNCTURE  ROUTINE  SPEC,26,Check the Amount,Page-5_Line-62  : 06/20/20  0301  22000015  VENIPUNCTURE  ROUTINE  SPEC
Page-5_Line-63,6/21/2020,301,RENAL  FUNCTION  PANEL,427,Check the Amount,Page-5_Line-63  : 06/21/20  0301  22002123  RENAL  FUNCTION  PANEL
Page-5_Line-64,22006251,301,MAGNESIUM,176,Check the Amount,Page-5_Line-64  : 0€/21/20  0301  22006251  MAGNESIUM
Page-5_Line-8,6/19/2020,301,FE,109,Check the Amount,Page-5_Line-8  : 06/19/20  0301  25205520  FE
Page-5_Line-9,6/19/2020,301,TIBC,241,Check the Amount,Page-5_Line-9  : 06/19/20  0301  25205521  TIBC
Page-6_Line-22,6/21/2020,301,VENIPUNCTURE  ROUTINE  SPEC,26,,Page-6_Line-22  : 06/21/20  0301  22000015  VENIPUNCTURE  ROUTINE  SPEC  26.00
Page-6_Line-23,6/22/2020,301,RENAL  FUNCTION  PANEL,427,,Page-6_Line-23  : 06/22/20  0301  220021223  RENAL  FUNCTION  PANEL  427.00
Page-6_Line-24,6/22/2020,301,MAGNESIUM,176,,Page-6_Line-24  : 06/22/20  0301  22006251  MAGNESIUM  176.00
Page-6_Line-26,6/22/2020,301,LEVETIRACETAM,102,,Page-6_Line-26  : 06/22/20  0301  38500478  LEVETIRACETAM  102.00
Page-6_Line-44,6/22/2020,301,VENIPUNCTURE  ROUTINE  SPEC,26,,Page-6_Line-44  : 06/22/20  0301  22000015  VENIPUNCTURE  ROUTINE  SPEC  26.00
Page-6_Line-46,6/23/2020,301,RENAL  FUNCTION  PANEL,427,,Page-6_Line-46  : 06/23/20  0301  220021223  RENAL  FUNCTION  PANEL  427.00
Page-6_Line-47,6/23/2020,301,LACTATE  DEHYDROGENASE,117,,Page-6_Line-47  : 06/23/20  0301  22005811  LACTATE  DEHYDROGENASE  117.00
Page-6_Line-48,6/23/2020,301,MAGNESIUM,176,,Page-6_Line-48  : 06/23/20  0301  22006251  MAGNESIUM  176.00
Page-6_Line-49,6/23/2020,301,URIC  ACID,175,,Page-6_Line-49  : 06/23/20  0301  22009151  URIC  ACID  175.00
Page-6_Line-50,6/23/2020,301,FERRITIN,226,,Page-6_Line-50  : 06/23/20  0301  25203941  FERRITIN  226.00
Page-6_Line-51,6/23/2020,301,VITAMIN  B  12  TEST,216,,Page-6_Line-51  : 06/23/20  0301  25205514  VITAMIN  B  12  TEST  216.00
Page-6_Line-52,6/23/2020,301,FOLATE  SERUM,226,,Page-6_Line-52  : 06/23/20  0301  25205515  FOLATE  SERUM  226.00
Page-6_Line-53,6/23/2020,301,FE,109,,Page-6_Line-53  : 06/23/20  0301  25205520  FE  109.00
Page-6_Line-54,6/23/2020,301,TIBC,109,,Page-6_Line-54  : 06/23/20  0301  25205521  TIBC  109.00
Page-6_Line-56,6/23/2020,301,ERYTHROPOIETIN,293,,Page-6_Line-56  : 06/23/20  0301  38500936  ERYTHROPOIETIN  292.00
Page-7_Line-68,22000015,301,VENIPUNCTURE  ROUTINE  SPEC,26,,"Page-7_Line-68  : 0€/23/20  0301  22000015  VENIPUNCTURE  ROUTINE  SPEC  26,00"
