Position,Date,Search_Term,Description,Amount,FLAG,Line Info
Page-7_Line-10,38501062,8501062,O3LL  38501062  FLOW  CYTMIRY  EA  ADD  MRKR  o,149,,Page-7_Line-10  : 0€/23/20  O3LL  38501062  FLOW  CYTMIRY  EA  ADD  MRKR  o 149.00
Page-7_Line-13,38501062,8501062,O3L1  38501062  FLOW  CYTMIRY  EA  ADD  MRKR,149,,Page-7_Line-13  : 0€/23/20  O3L1  38501062  FLOW  CYTMIRY  EA  ADD  MRKR  149.00
Page-7_Line-14,6/23/2020,8501062,O31L  38501062  FLOW  CYIMIRY  EA  ADD  MRKR  a,149,,Page-7_Line-14  : 06/23/20  O31L  38501062  FLOW  CYIMIRY  EA  ADD  MRKR  a  149.00
Page-7_Line-16,6/23/2020,8501062,FLOW  CYTMIRY  EA  ADD  MRKR,149,,Page-7_Line-16  : 06/23/20  0.3/1.1  38501062  FLOW  CYTMIRY  EA  ADD  MRKR  149.00
Page-7_Line-18,6/23/2020,8501062,O3L1  38501062  FLOW  CYTMIRY  EA  ADD  MRKR  y,149,,Page-7_Line-18  : 06/23/20  O3L1  38501062  FLOW  CYTMIRY  EA  ADD  MRKR  y 149.00
Page-7_Line-20,6/23/2020,8501062,FLOW  CYIMIRY  EA  ADD  MRKR,149,,Page-7_Line-20  : 06/23/20  0311  38501062  FLOW  CYIMIRY  EA  ADD  MRKR    149.00
Page-7_Line-22,6/23/2020,8501062,Ogi!  38501062  FLOW  CYIMIRY  EA  ADD  MRKR,149,,Page-7_Line-22  : 06/23/20  Ogi!  38501062  FLOW  CYIMIRY  EA  ADD  MRKR  149.00
Page-7_Line-24,6/23/2020,8501062,O3L1  38501062  FLOW  CYTMIRY  EA  ADD  MRKR  d,149,,Page-7_Line-24  : 06/23/20  O3L1  38501062  FLOW  CYTMIRY  EA  ADD  MRKR  d 149.00
Page-7_Line-26,6/23/2020,8501062,O31L  38501062  FLOW  CYIMIRY  EA  ADD  MRKR,149,,Page-7_Line-26  : 06/23/20  O31L  38501062  FLOW  CYIMIRY  EA  ADD  MRKR    149.00
Page-7_Line-28,38501062,8501062,O3LL  38501062  FLOW  CYTMIRY  EA  ADD  MRKR  m,149,,Page-7_Line-28  : 0€/23/20  O3LL  38501062  FLOW  CYTMIRY  EA  ADD  MRKR  m 149.00
Page-7_Line-30,38501062,8501062,O3L1  38501062  FLOW  CYTMIRY  EA  ADD  MRKR  d,149,,Page-7_Line-30  : 0€/23/20  O3L1  38501062  FLOW  CYTMIRY  EA  ADD  MRKR  d 149.00
Page-7_Line-32,6/23/2020,8501062,O31L  38501062  FLOW  CYIMIRY  EA  ADD  MRKR,149,,Page-7_Line-32  : 06/23/20  O31L  38501062  FLOW  CYIMIRY  EA  ADD  MRKR    149.00
Page-7_Line-34,38501062,8501062,O3LL  38501062  FLOW  CYTMIRY  EA  ADD  MRKR  aid,149,,Page-7_Line-34  : 0€/23/20  O3LL  38501062  FLOW  CYTMIRY  EA  ADD  MRKR  aid 149.00
Page-7_Line-35,38501062,8501062,O3L1  38501062  FLOW  CYTMIRY  EA  ADD  MRKR,149,,Page-7_Line-35  : 0€/23/20  O3L1  38501062  FLOW  CYTMIRY  EA  ADD  MRKR  149.00
Page-7_Line-37,6/23/2020,8501062,O31L  38501062  FLOW  CYIMIRY  EA  ADD  MRKR,149,,Page-7_Line-37  : 06/23/20  O31L  38501062  FLOW  CYIMIRY  EA  ADD  MRKR  149.00
Page-7_Line-39,6/23/2020,8501062,FLOW  CYTMIRY  EA  ADD  MRKR,149,,Page-7_Line-39  : 06/23/20  0.3/1.1  38501062  FLOW  CYTMIRY  EA  ADD  MRKR  149.00
Page-7_Line-40,6/23/2020,8501062,O3L1  38501062  FLOW  CYTMIRY  EA  ADD  MRKR  u,149,,Page-7_Line-40  : 06/23/20  O3L1  38501062  FLOW  CYTMIRY  EA  ADD  MRKR  u 149.00
Page-7_Line-41,6/23/2020,8501062,O2LL  38501062  FLOW  CYIMIRY  EA  ADD  MRKR,149,,Page-7_Line-41  : 06/23/20  O2LL  38501062  FLOW  CYIMIRY  EA  ADD  MRKR  149.00
Page-7_Line-43,6/23/2020,8501062,O3L1  38501062  FLOW  CYTMIRY  EA  ADD  MRKR,149,,Page-7_Line-43  : 06/23/20  O3L1  38501062  FLOW  CYTMIRY  EA  ADD  MRKR  149.00
Page-7_Line-44,6/23/2020,8501062,Ol:  38501062  FLOW  CYTMIRY  EA  ADD  MRKR  A,149,,Page-7_Line-44  : 06/23/20  Ol:  38501062  FLOW  CYTMIRY  EA  ADD  MRKR  A 149.00
Page-7_Line-9,6/23/2020,8501062,O31L  38501062  FLOW  CYIMIRY  EA  ADD  MRKR,149,,Page-7_Line-9  : 06/23/20  O31L  38501062  FLOW  CYIMIRY  EA  ADD  MRKR     149.00
