Position,Search_Term,Date,Description,Amount,FLAG,Line_info
Page-2_Line-27,0250,021221,AMIODARONE  500  MG/D5wW,16.81,,Page-2_Line-27  : 0250  |AMIODARONE  500  MG/D5wW  25  021221  1  16.81 
Page-2_Line-28,0250,021221,EPINEPHRINE  4  MG/D5w,71.32,,Page-2_Line-28  : 0250  |EPINEPHRINE  4  MG/D5w  250  021221  1  71.32 
Page-2_Line-29,0250,021221,INSULIN  REGULAR  100  UNIT,31.74,,Page-2_Line-29  : 0250  INSULIN  REGULAR  100  UNIT  021221  1  31.74 
Page-2_Line-30,0250,021221,NOREPINEPHRINE  (LEVOPHED,18.68,,Page-2_Line-30  : 0250  NOREPINEPHRINE  (LEVOPHED  021221  1  18.68 
Page-2_Line-31,0250,021221,DNU  DEXMEDETOMIDINE,23.27,,Page-2_Line-31  : 0250  |DNU  DEXMEDETOMIDINE  400  021221  1  23.27 
Page-2_Line-32,0250,021221,METOPROLOL  TARTRATE  25  M,1.0,,Page-2_Line-32  : 0250  |METOPROLOL  TARTRATE  25  M  021221  1  1.00 
Page-2_Line-33,0250,021221,MIDAZOLAM  PF  1  MG/ML  2  M,1.96,,Page-2_Line-33  : 0250  |MIDAZOLAM  PF  1  MG/ML  2  M  021221  1  1.96 
Page-2_Line-34,0250,021221,LIDOCAINE  2%  PF  5  ML  VIA,6.4,,Page-2_Line-34  : 0250  |LIDOCAINE  2%  PF  5  ML  VIA  021221  1)  6.40 
Page-2_Line-35,0250,021221,ROCURONIUM  10  MG/ML  5  ML,20.01,,Page-2_Line-35  : 0250  |ROCURONIUM  10  MG/ML  5  ML  021221  2  20.01 
Page-2_Line-36,0250,021221,PROPOFOL  10  MG/ML  20  ML  021221  q,4.57,,Page-2_Line-36  : 0250  {PROPOFOL  10  MG/ML  20  ML  021221  q  4.57 
Page-2_Line-37,0250,021221,PHENYLEPHRINE  1000  MCG,1.0,,"Page-2_Line-37  : 0250  | PHENYLEPHRINE  1000  MCG/1  021221  1  1,00 "
Page-2_Line-38,0250,021221,PHENYLEPHRINE  1000  MCG,1.0,,Page-2_Line-38  : 0250  |PHENYLEPHRINE  1000  MCG/1  021221  1  1.00 
Page-2_Line-39,0250,021221,JANES  EPHEDRINE  50  MG,12.4,,Page-2_Line-39  : 0250  JANES  EPHEDRINE  50  MG/10  021221  1  12.40 
Page-2_Line-40,0250,021221,PHENYLEPHRINE  1000  MCG,1.0,,Page-2_Line-40  : 0250  |PHENYLEPHRINE  1000  MCG/1  021221  1  1.00 
Page-2_Line-41,0250,021221,JANES  EPHEDRINE  50  MG,6.2,,Page-2_Line-41  : 0250  JANES  EPHEDRINE  50  MG/10  021221  1  6.20 
Page-2_Line-42,0250,021221,ANES  EPHEDRINE  50  MG,18.6,,Page-2_Line-42  : 0250    |ANES  EPHEDRINE  50  MG/10    021221    1    18.60    
Page-2_Line-43,0250,021221,CEFAZOLIN  1  G/10  ML  SWI,5.84,,Page-2_Line-43  : 0250  |CEFAZOLIN  1  G/10  ML  SWI  021221  2  5.84 
Page-2_Line-44,0250,021221,ANES  EPHEDRINE  50  MG/10  021221  i,12.4,,Page-2_Line-44  : 0250  |ANES  EPHEDRINE  50  MG/10  021221  i  12.40 
Page-2_Line-45,0250,021221,ANES  EPHEDRINE  50  MG,12.4,,Page-2_Line-45  : 0250  |ANES  EPHEDRINE  50  MG/10  021221  1  12.40 
Page-2_Line-47,0250,021221,NITROGLYCERIN  4MG/D5W,1.0,,Page-2_Line-47  : 0250  |NITROGLYCERIN  4MG/D5W  20  021221  1  1.00 
Page-2_Line-48,0250,021221,CEFAZOLIN  1  G/10  ML  SWI,2.92,,Page-2_Line-48  : 0250  |CEFAZOLIN  1  G/10  ML  SWI  021221  1  2.92 
Page-2_Line-49,0250,021221,"HEPARIN  1,000  UNITS/ML  1  021221  st",7.1,,"Page-2_Line-49  : 0250  |HEPARIN  1,000  UNITS/ML  1  021221  st  7.10 "
Page-2_Line-50,0250,021221,PAPAVERINE  30  MG/ML  2  ML,442.04,,Page-2_Line-50  : 0250  }PAPAVERINE  30  MG/ML  2  ML  021221  5  442.04 
Page-2_Line-51,0250,021221,ALBUMIN  HUMAN  5%  250  ML,102.48,,Page-2_Line-51  : 0250  |ALBUMIN  HUMAN  5%  250  ML  021221  1  102.48 
Page-2_Line-52,0250,021221,ALBUMIN  HUMAN  5%  250  ML,102.48,,Page-2_Line-52  : 0250  |ALBUMIN  HUMAN  5%  250  ML  021221  1  102.48 
Page-2_Line-53,0250,021221,METHADONE  10  MG  TABLET,1.56,,Page-2_Line-53  : 0250  |METHADONE  10  MG  TABLET  021221  2  1.56 
Page-2_Line-54,0250,021221,APREPITANT  40  MG  CAPSULE,195.59,,Page-2_Line-54  : 0250  |APREPITANT  40  MG  CAPSULE  021221  1  195.59 
Page-2_Line-55,0250,021221,ANES  EPHEDRINE  50  MG/10  021221  ne,18.6,,Page-2_Line-55  : 0250  |ANES  EPHEDRINE  50  MG/10  021221  ne  18.60 
Page-2_Line-56,0250,021221,ANES  TRANEXAMIC  ACID,46.03,,Page-2_Line-56  : 0250  |ANES  TRANEXAMIC  ACID  100  021221  1  46.03 
Page-2_Line-57,0250,021221,ANES  TRANEXAMIC  ACID,46.03,,Page-2_Line-57  : 0250  |ANES  TRANEXAMIC  ACID  100  021221  1  46.03 
Page-2_Line-58,0250,021221,PHENYLEPHRINE  1000  MCG,1.0,,Page-2_Line-58  : 0250  |PHENYLEPHRINE  1000  MCG/1  021221  1  1.00 
Page-2_Line-59,0250,021221,MIDAZOLAM  PF  1  MG/ML  2  M,1.96,,Page-2_Line-59  : 0250  [MIDAZOLAM  PF  1  MG/ML  2  M  021221  1  1.96 
Page-2_Line-60,0250,021221,ROCURONIUM  10  MG/ML  5  ML,10.01,,Page-2_Line-60  : 0250  /ROCURONIUM  10  MG/ML  5  ML  021221  1  10.01 
Page-2_Line-61,0250,021221,ANES  EPHEDRINE  50  MG,18.6,,Page-2_Line-61  : 0250  |ANES  EPHEDRINE  50  MG/10  021221  1  18.60 
Page-3_Line-20,0250,021221,NOREPINEPHRINE  (LEVOPHED,1.0,,Page-3_Line-20  : 0250  |NOREPINEPHRINE  (LEVOPHED  021221  1  1.00 
Page-3_Line-21,0250,021221,MIDAZOLAM  PF  1  MG/ML  2  M,1.96,,Page-3_Line-21  : 0250  |MIDAZOLAM  PF  1  MG/ML  2  M  021221  1  1.96 
Page-3_Line-22,0250,021221,LIDOCAINE  2%  PF  5  ML  VIA,6.4,,Page-3_Line-22  : 0250  |LIDOCAINE  2%  PF  5  ML  VIA  021221  1  6.40 
Page-3_Line-23,0250,021221,JROCURONIUM  10  MG/ML  5  ML,10.01,,Page-3_Line-23  : 0250  JROCURONIUM  10  MG/ML  5  ML  021221  1  10.01 
Page-3_Line-24,0250,021221,AMIODARONE  500  MG/D5W,12.1,,Page-3_Line-24  : 0250  |AMIODARONE  500  MG/D5W  25  021221  1  12.10 
Page-3_Line-25,0250,021221,MAGNESIUM  SULFATE  500  MG,6.75,,Page-3_Line-25  : 0250  |MAGNESIUM  SULFATE  500  MG  021221  2  6.75 
Page-3_Line-26,0250,021221,"HEPARIN  1,000  UNITS/ML",13.62,,"Page-3_Line-26  : 0250  |HEPARIN  1,000  UNITS/ML  3  021221  1  13.62 "
Page-3_Line-27,0250,021221,CEFAZOLIN  1  G/10  ML  SWI,5.84,,Page-3_Line-27  : 0250  |CEFAZOLIN  1  G/10  ML  SWI  021221  2  5.84 
Page-3_Line-28,0250,021221,CALCIUM  CHLORIDE  16/10  m,41.26,,Page-3_Line-28  : 0250  |CALCIUM  CHLORIDE  16/10  m  021221  1  41.26 
Page-3_Line-29,0250,021221,EPINEPHRINE  4  MG/D5w  250  021221  yy,2.39,,Page-3_Line-29  : 0250  |EPINEPHRINE  4  MG/D5w  250  021221  yy  2.39 
Page-3_Line-30,0250,021221,PROTAMINE  10  MG/ML  25  ML,40.92,,Page-3_Line-30  : 0250  |/PROTAMINE  10  MG/ML  25  ML  021221  1  40.92 
Page-3_Line-31,0250,021221,BUDESONIDE-FORMOTEROL,528.61,,Page-3_Line-31  : 0250  |BUDESONIDE-FORMOTEROL  16  021221  1  528.61 
Page-3_Line-32,0250,021221,JACETAMINOPHEN  (OFIRMEV,101.13,,Page-3_Line-32  : 0250  |JACETAMINOPHEN  (OFIRMEV)  021221  1  101.13 
Page-3_Line-33,0250,021221,TIOTROPIUM  2.5  MCG/INH  A,160.12,,Page-3_Line-33  : 0250  |TIOTROPIUM  2.5  MCG/INH  A  021221  1  160.12 
Page-3_Line-34,0250,021221,PROTAMINE  10  MG/ML  25  ML,15.74,,Page-3_Line-34  : 0250  |PROTAMINE  10  MG/ML  25  ML  021221  1  15.74 
Page-3_Line-35,0250,021221,SODIUM  BICARBONATE,22.54,,Page-3_Line-35  : 0250  |SODIUM  BICARBONATE  8.4%  021221  1  22.54 
Page-3_Line-36,0250,021221,POTASSIUM  CHLORIDE  IN  ST,6.95,,Page-3_Line-36  : 0250  |POTASSIUM  CHLORIDE  IN  ST  021221  1  6.95 
Page-3_Line-37,0250,021221,MUPIROCIN  2  %  OINTMENT,76.06,,Page-3_Line-37  : 0250  |MUPIROCIN  2  %  OINTMENT  2  021221  1  76.06 
Page-3_Line-38,0250,021221,NOREPINEPHRINE  (LEVOPHED,1.0,,Page-3_Line-38  : 0250  |NOREPINEPHRINE  (LEVOPHED  021221  1  1.00 
Page-3_Line-39,0250,021221,MIDAZOLAM  PF  1  MG/ML  2  M,1.96,,Page-3_Line-39  : 0250  |MIDAZOLAM  PF  1  MG/ML  2  M  021221  1  1.96 
Page-3_Line-40,0250,021221,ANES  EPHEDRINE  50  MG,12.4,,Page-3_Line-40  : 0250  |ANES  EPHEDRINE  50  MG/10  021221  1  12.40 
Page-3_Line-41,0250,021221,EPINEPHRINE  4  MG/D5W,2.26,,Page-3_Line-41  : 0250    |EPINEPHRINE  4  MG/D5W  250    021221     1    2.26    
Page-3_Line-42,0250,021221,FENTANYL  50  MCG/ML  20  ML,13.56,,Page-3_Line-42  : 0250  |FENTANYL  50  MCG/ML  20  ML     021221  1  13.56 
Page-3_Line-43,0250,021221,PANTOPRAZOLE  40  MG  VIAL,15.12,,Page-3_Line-43  : 0250  |PANTOPRAZOLE  40  MG  VIAL  021221  1  15.12 
Page-3_Line-44,0250,021221,JAMIODARONE  200  MG  TABLET,28.27,,Page-3_Line-44  : 0250  |JAMIODARONE  200  MG  TABLET  021221  2  28.27 
Page-3_Line-45,0250,021221,ASPIRIN  81  MG  CHEWABLE  T,1.0,,Page-3_Line-45  : 0250  |ASPIRIN  81  MG  CHEWABLE  T  021221  1  1.00 
Page-3_Line-46,0250,021221,JAMTODARONE  500  MG/D5W,16.81,,Page-3_Line-46  : 0250  |JAMTODARONE  500  MG/D5W  25  021221  1  16.81 
Page-3_Line-47,0250,021221,ALBUMIN  HUMAN  5%  250  ML,102.48,,Page-3_Line-47  : 0250  |ALBUMIN  HUMAN  5%  250  ML  021221  4  102.48 
Page-3_Line-48,0250,021221,ALBUMIN  HUMAN  5%  250  ML,102.48,,Page-3_Line-48  : 0250  [ALBUMIN  HUMAN  5%  250  ML  021221  1  102.48 
Page-3_Line-49,0250,021221,CEFAZOLIN  2  G/20  ML  SWI,5.84,,Page-3_Line-49  : 0250  |CEFAZOLIN  2  G/20  ML  SWI  021221  1  5.84 
Page-3_Line-50,0250,021221,SODIUM  BICARBONATE,20.69,,Page-3_Line-50  : 0250  |SODIUM  BICARBONATE  8.4%  021221  1  20.69 
Page-3_Line-51,0250,021221,JAMIODARONE  200  MG  TABLET,28.27,,Page-3_Line-51  : 0250  JAMIODARONE  200  MG  TABLET  021221  2  28.27 
Page-3_Line-52,0250,021221,CARDIOPLEGIA-HEPARIN  CEL,16.35,,Page-3_Line-52  : 0250  |CARDIOPLEGIA-HEPARIN  CEL  021221  1  16.35 
Page-3_Line-53,0250,021221,CARDIOPLEGIA-HIGH  K,27.88,,Page-3_Line-53  : 0250  |CARDIOPLEGIA-HIGH  K+  021221)  517  27.88 
Page-3_Line-54,0250,021221,CARDIOPLEGIA-LOW  K,27.48,,Page-3_Line-54  : 0250  |CARDIOPLEGIA-LOW  K+  516.  021221)  517  27.48 
Page-3_Line-55,0250,021221,SODIUM  BICARBONATE,20.69,,Page-3_Line-55  : 0250  |SODIUM  BICARBONATE  8.4%  021221  1  20.69 
Page-3_Line-56,0250,021221,PLASMA-LYTE  A  SOLUTION,27.11,,Page-3_Line-56  : 0250  |PLASMA-LYTE  A  SOLUTION  021221  1  27.11 
Page-3_Line-57,0250,021221,MANNITOL  25%  12.5  G/50  M,4.67,,Page-3_Line-57  : 0250  |MANNITOL  25%  12.5  G/50  M  021221  1  4.67 
Page-3_Line-58,0250,021321,MORPHINE  2  MG/ML  1  ML  SY,4.39,,Page-3_Line-58  : 0250  |MORPHINE  2  MG/ML  1  ML  SY  021321  1  4.39 
Page-3_Line-59,0250,021321,CEFAZOLIN  2  G/20  ML  SWI,5.84,,Page-3_Line-59  : 0250  |CEFAZOLIN  2  G/20  ML  SWI  021321  1  5.84 
Page-4_Line-16,0250,021321,JAMIODARONE  500  MG/DSW  25  021321  at,16.81,,Page-4_Line-16  : 0250  JAMIODARONE  500  MG/DSW  25  021321  at  16.81 
Page-4_Line-17,0250,021321,PANTOPRAZOLE  40  MG  VIAL  021321  1  Toke,0.0,Check the Amount,Page-4_Line-17  : 0250  |PANTOPRAZOLE  40  MG  VIAL  021321  1  Toke 
Page-4_Line-18,0250,021321,AMIODARONE  200  MG  TABLET,11.58,,"Page-4_Line-18  : 0250  |AMIODARONE  200  MG  TABLET  021321  2  11,58 "
Page-4_Line-19,0250,021321,JASPIRIN  81  MG  CHEWABLE  T,1.0,,Page-4_Line-19  : 0250  JASPIRIN  81  MG  CHEWABLE  T  021321  1  1.00 
Page-4_Line-20,0250,021321,MONTELUKAST  10  MG  TABLET,10.06,,Page-4_Line-20  : 0250  |MONTELUKAST  10  MG  TABLET  021321  1  10.06 
Page-4_Line-21,0250,021321,MULTIVITAMIN  WITH  MINERA  021321  ly,1.0,,Page-4_Line-21  : 0250  |MULTIVITAMIN  WITH  MINERA  021321  ly  1.00 
Page-4_Line-22,0250,021321,OXYCODONE-ACETAMINOPHEN,4.87,,Page-4_Line-22  : 0250  |OXYCODONE-ACETAMINOPHEN  021321  2  4.87 
Page-4_Line-23,0250,021321,ATORVASTATIN  40  MG  TABLE  021321  a,1.23,,Page-4_Line-23  : 0250  |ATORVASTATIN  40  MG  TABLE  021321  a  1.23 
Page-4_Line-24,0250,021321,OXYCODONE-ACETAMINOPHEN,4.87,,Page-4_Line-24  : 0250  |OXYCODONE-ACETAMINOPHEN  021321  2  4.87 
Page-4_Line-25,0250,021321,AMTODARONE  200  MG  TABLET,11.58,,Page-4_Line-25  : 0250  |AMTODARONE  200  MG  TABLET  021321  2  11.58 
Page-4_Line-26,0250,021321,OXYCODONE-ACETAMINOPHEN,4.87,,Page-4_Line-26  : 0250  |OXYCODONE-ACETAMINOPHEN  021321  2  4.87 
Page-4_Line-27,0250,021321,METOPROLOL  TARTRATE  25  M,1.0,,Page-4_Line-27  : 0250  |METOPROLOL  TARTRATE  25  M  021321  1  1.00 
Page-4_Line-28,0250,021421,AMTODARONE  200  MG  TABLET,28.27,,Page-4_Line-28  : 0250  |AMTODARONE  200  MG  TABLET  021421  2  28.27 
Page-4_Line-29,0250,021421,OXYCODONE-ACETAMINOPHEN,4.87,,Page-4_Line-29  : 0250  |OXYCODONE-ACETAMINOPHEN  021421  2  4.87 
Page-4_Line-30,0250,021421,JAMIODARONE  500  MG/D5W  25  021421  i,16.81,,Page-4_Line-30  : 0250  |JAMIODARONE  500  MG/D5W  25  021421  i  16.81 
Page-4_Line-31,0250,021421,OXYCODONE-ACETAMINOPHEN,4.87,,Page-4_Line-31  : 0250  |OXYCODONE-ACETAMINOPHEN  021421  2  4.87 
Page-4_Line-32,0250,021421,MUPIROCIN  2  %  OINTMENT,76.06,,Page-4_Line-32  : 0250  |MUPIROCIN  2  %  OINTMENT  2  021421  1  76.06 
Page-4_Line-33,0250,021421,JAMIODARONE  200  MG  TABLET,11.58,,Page-4_Line-33  : 0250  JAMIODARONE  200  MG  TABLET  021421  2  11.58 
Page-4_Line-34,0250,021421,ASPIRIN  81  MG  CHEWABLE  T,1.0,,Page-4_Line-34  : 0250  |ASPIRIN  81  MG  CHEWABLE  T  021421  1  1.00 
Page-4_Line-35,0250,021421,ATORVASTATIN  40  MG  TABLE,10.27,,Page-4_Line-35  : 0250  [ATORVASTATIN  40  MG  TABLE  021421  1  10.27 
Page-4_Line-36,0250,021421,METOPROLOL  TARTRATE  25  M,1.0,,Page-4_Line-36  : 0250  |METOPROLOL  TARTRATE  25  M  021421  1  1.00 
Page-4_Line-38,0250,021421,MONTELUKAST  10  MG  TABLET,10.06,,Page-4_Line-38  : 0250  |MONTELUKAST  10  MG  TABLET  021421  1  10.06 
Page-4_Line-39,0250,021421,MULTIVITAMIN  WITH  MINERA,1.0,,Page-4_Line-39  : 0250  |MULTIVITAMIN  WITH  MINERA  021421  1  1.00 
Page-4_Line-41,0250,021421,PANTOPRAZOLE  40  MG  VIAL,15.12,,Page-4_Line-41  : 0250  |PANTOPRAZOLE  40  MG  VIAL  021421  1  15.12 
Page-4_Line-42,0250,021421,MAGNESIUM  SULFATE  2  G,3.07,,Page-4_Line-42  : 0250  |MAGNESIUM  SULFATE  2  G/50  021421  1  3.07 
Page-4_Line-43,0250,021421,FUROSEMIDE  10  MG/ML  4  ML  021421  L,6.17,,Page-4_Line-43  : 0250  |FUROSEMIDE  10  MG/ML  4  ML  021421  L  6.17 
Page-4_Line-44,0250,021421,AMIODARONE  500  MG/DSW  25  021421  Hy,16.81,,Page-4_Line-44  : 0250  |AMIODARONE  500  MG/DSW  25  021421  Hy  16.81 
Page-4_Line-45,0250,021421,AMIODARONE  200  MG  TABLET,11.58,,Page-4_Line-45  : 0250  |AMIODARONE  200  MG  TABLET  021421  2  11.58 
Page-4_Line-46,0250,021421,FUROSEMIDE  10  MG/ML  2  ML  021421  MA,8.8,,Page-4_Line-46  : 0250  |FUROSEMIDE  10  MG/ML  2  ML  021421  MA  8.80 
Page-4_Line-47,0250,021421,ALBUMIN  HUMAN  5%  250  ML  021421  al,102.48,,Page-4_Line-47  : 0250  |ALBUMIN  HUMAN  5%  250  ML  021421  al  102.48 
Page-4_Line-48,0250,021521,AMTODARONE  200  MG  TABLET,28.27,,Page-4_Line-48  : 0250  |AMTODARONE  200  MG  TABLET  021521  2  28.27 
Page-4_Line-49,0250,021521,CALCIUM  GLUCONATE  2  G/NS,19.21,,Page-4_Line-49  : 0250  |CALCIUM  GLUCONATE  2  G/NS  021521  1  19.21 
Page-4_Line-50,0250,021521,AMIODARONE  200  MG  TABLET,11.58,,Page-4_Line-50  : 0250  |AMIODARONE  200  MG  TABLET  021521  2  11.58 
Page-4_Line-51,0250,021521,ASPIRIN  81  MG  CHEWABLE  T,1.0,,"Page-4_Line-51  : 0250  {ASPIRIN  81  MG  CHEWABLE  T  021521  1  1,00 "
Page-4_Line-52,0250,021521,JATORVASTATIN  40  MG  TABLE,10.27,,Page-4_Line-52  : 0250  JATORVASTATIN  40  MG  TABLE  021521  1  10.27 
Page-4_Line-53,0250,021521,MONTELUKAST  10  MG  TABLET,10.06,,Page-4_Line-53  : 0250  |MONTELUKAST  10  MG  TABLET  021521  1  10.06 
Page-4_Line-54,0250,021521,MULTIVITAMIN  WITH  MINERA,1.0,,Page-4_Line-54  : 0250  |MULTIVITAMIN  WITH  MINERA  021521  1  1.00 
Page-4_Line-55,0250,021521,PANTOPRAZOLE  40  MG  VIAL,15.12,,Page-4_Line-55  : 0250  |PANTOPRAZOLE  40  MG  VIAL  021521  1  15.12 
Page-4_Line-56,0250,021521,METOPROLOL  TARTRATE  25  M,1.0,,Page-4_Line-56  : 0250  |METOPROLOL  TARTRATE  25  M  021521  1  1.00 
Page-4_Line-57,0250,021521,AMIODARONE  200  MG  TABLET,11.58,,Page-4_Line-57  : 0250  |AMIODARONE  200  MG  TABLET  021521  2  11.58 
Page-5_Line-16,0250,021521,METOPROLOL  TARTRATE  25  M,1.0,,Page-5_Line-16  : 0250  |METOPROLOL  TARTRATE  25  M  021521  1  1.00 
Page-5_Line-17,0250,021521,JAMIODARONE  200  MG  TABLET,11.58,,Page-5_Line-17  : 0250  JAMIODARONE  200  MG  TABLET  021521  2  11.58 
Page-5_Line-18,0250,021621,ACETAMINOPHEN-CODEINE,1.09,,Page-5_Line-18  : 0250  |ACETAMINOPHEN-CODEINE  30  021621  1  1.09 
Page-5_Line-19,0250,021621,AMIODARONE  200  MG  TABLET  021621  a,11.58,,Page-5_Line-19  : 0250  |AMIODARONE  200  MG  TABLET  021621  a  11.58 
Page-5_Line-20,0250,021621,ASPIRIN  81  MG  CHEWABLE  T,1.0,,Page-5_Line-20  : 0250  {ASPIRIN  81  MG  CHEWABLE  T  021621  1  1.00 
Page-5_Line-21,0250,021621,JATORVASTATIN  40  MG  TABLE,10.27,,Page-5_Line-21  : 0250  |JATORVASTATIN  40  MG  TABLE  021621  1  10.27 
Page-5_Line-22,0250,021621,METOPROLOL  TARTRATE  25  M,1.0,,Page-5_Line-22  : 0250  |METOPROLOL  TARTRATE  25  M  021621  1  1.00 
Page-5_Line-23,0250,021621,MONTELUKAST  10  MG  TABLET,10.06,,Page-5_Line-23  : 0250  |MONTELUKAST  10  MG  TABLET  021621  1  10.06 
Page-5_Line-24,0250,021621,MULTIVITAMIN  WITH  MINERA,1.0,,Page-5_Line-24  : 0250  (MULTIVITAMIN  WITH  MINERA  021621  1  1.00 
Page-5_Line-25,0250,021621,POTASSIUM  CHLORIDE  10  ME,1.39,,Page-5_Line-25  : 0250  |POTASSIUM  CHLORIDE  10  ME  021621  2  1.39 
Page-5_Line-26,0250,021621,AMIODARONE  200  MG  TABLET,11.58,,Page-5_Line-26  : 0250  |AMIODARONE  200  MG  TABLET  021621  2  11.58 
Page-5_Line-27,0250,021621,ACETAMINOPHEN-CODEINE,1.09,,Page-5_Line-27  : 0250  |ACETAMINOPHEN-CODEINE  30  021621  1  1.09 
Page-5_Line-28,0250,021621,POTASSIUM  CHLORIDE  10  ME,1.39,,Page-5_Line-28  : 0250  |POTASSIUM  CHLORIDE  10  ME  021621  2  1.39 
Page-5_Line-29,0250,021621,FUROSEMIDE  20  MG  TABLET,1.0,,Page-5_Line-29  : 0250  |FUROSEMIDE  20  MG  TABLET  021621  1  1.00 
Page-5_Line-30,0250,021621,POTASSIUM  CHLORIDE  10  ME,1.0,,Page-5_Line-30  : 0250  |POTASSIUM  CHLORIDE  10  ME  021621  1  1.00 
Page-5_Line-31,0250,021621,METOPROLOL  TARTRATE  25  M,1.0,,Page-5_Line-31  : 0250  |METOPROLOL  TARTRATE  25  M  021621  1  1.00 
Page-5_Line-32,0250,021621,ACETAMINOPHEN-CODEINE,1.09,,Page-5_Line-32  : 0250  |ACETAMINOPHEN-CODEINE  30  021621  1  1.09 
Page-5_Line-33,0250,021721,AMIODARONE  200  MG  TABLET,11.58,,Page-5_Line-33  : 0250  |AMIODARONE  200  MG  TABLET  021721  2  11.58 
Page-5_Line-34,0250,021721,AMIODARONE  200  MG  TABLET,11.58,,Page-5_Line-34  : 0250  |AMIODARONE  200  MG  TABLET  021721  2  11.58 
Page-5_Line-35,0250,021721,ASPIRIN  81  MG  CHEWABLE  T,1.0,,Page-5_Line-35  : 0250  |ASPIRIN  81  MG  CHEWABLE  T  021721  1  1.00 
Page-5_Line-37,0250,021721,ATORVASTATIN  40  MG  TABLE  021721  i,10.27,,Page-5_Line-37  : 0250  |ATORVASTATIN  40  MG  TABLE  021721  i  10.27 
Page-5_Line-39,0250,021721,FUROSEMIDE  20  MG  TABLET,1.0,,Page-5_Line-39  : 0250  |FUROSEMIDE  20  MG  TABLET  021721  1  1.00 
Page-5_Line-40,0250,021721,METOPROLOL  TARTRATE  25  M  021721  q,1.0,,Page-5_Line-40  : 0250  |METOPROLOL  TARTRATE  25  M  021721  q  1.00 
Page-5_Line-41,0250,021721,MONTELUKAST  10  MG  TABLET,10.06,,"Page-5_Line-41  : 0250  |MONTELUKAST  10  MG  TABLET  021721  1  10,06 "
Page-5_Line-42,0250,021721,MULTIVITAMIN  WITH  MINERA,1.0,,Page-5_Line-42  : 0250  |MULTIVITAMIN  WITH  MINERA  021721  1  1.00 
Page-5_Line-43,0250,021721,POTASSIUM  CHLORIDE  10  ME  021721  1  sie  ce,0.0,Check the Amount,Page-5_Line-43  : 0250  |POTASSIUM  CHLORIDE  10  ME  021721  1  sie  ce) 
Page-5_Line-44,0250,021721,METOPROLOL  TARTRATE  25  M,1.0,,Page-5_Line-44  : 0250  METOPROLOL  TARTRATE  25  M  021721  1  1.00 
Page-5_Line-45,0250,021721,ACETAMINOPHEN-CODEINE  30  021721  af,1.09,,Page-5_Line-45  : 0250  |ACETAMINOPHEN-CODEINE  30  021721  af  1.09 
Page-5_Line-46,0250,021821,ACETAMINOPHEN-CODEINE,1.09,,Page-5_Line-46  : 0250  |ACETAMINOPHEN-CODEINE  30  021821  1  1.09 
Page-5_Line-47,0250,021821,ASPIRIN  81  MG  CHEWABLE  T,1.0,,Page-5_Line-47  : 0250  ASPIRIN  81  MG  CHEWABLE  T  021821  1  1.00 
Page-5_Line-48,0250,021821,JATORVASTATIN  40  MG  TABLE,10.27,,Page-5_Line-48  : 0250  JATORVASTATIN  40  MG  TABLE  021821  1  10.27 
Page-5_Line-49,0250,021821,FUROSEMIDE  20  MG  TABLET,1.0,,Page-5_Line-49  : 0250  |FUROSEMIDE  20  MG  TABLET  021821  1  1.00 
Page-5_Line-50,0250,021821,METOPROLOL  TARTRATE  25  M,1.0,,Page-5_Line-50  : 0250  METOPROLOL  TARTRATE  25  M  021821  1  1.00 
Page-5_Line-51,0250,021821,MONTELUKAST  10  MG  TABLET,10.06,,Page-5_Line-51  : 0250  |MONTELUKAST  10  MG  TABLET  021821  1  10.06 
Page-5_Line-52,0250,021821,MULTIVITAMIN  WITH  MINERA  021821  q,1.0,,Page-5_Line-52  : 0250  |MULTIVITAMIN  WITH  MINERA  021821  q  1.00 
Page-5_Line-53,0250,021821,POTASSIUM  CHLORIDE  10  ME,1.0,,"Page-5_Line-53  : 0250  |POTASSIUM  CHLORIDE  10  ME  021821  1  1,00 "
Page-5_Line-54,0250,021821,JACETAMINOPHEN-CODEINE,1.09,,Page-5_Line-54  : 0250  JACETAMINOPHEN-CODEINE  30  021821  1  1.09 
