Position,Date,Search_Term,Description,Amount,FLAG,Line Info,,,,,,
Page-2_Line-23,21221,200,ROOM/BED:  INTENSIVE  CARE  021221  y,5518,,Page-2_Line-23  : 0200  |ROOM/BED:  INTENSIVE  CARE  021221  y  5518.00,,,,,,
Page-2_Line-24,21321,200,ROOM/BED:  INTENSIVE  CARE,5518,,Page-2_Line-24  : 0200  |ROOM/BED:  INTENSIVE  CARE    é   021321      1  5518.00,,,,,,
Page-2_Line-25,21421,200,ROOM/BED:  INTENSIVE  CARE  6518.00  021421  i,5518,,Page-2_Line-25  : 0200  |ROOM/BED:  INTENSIVE  CARE  6518.00  021421  i  5518.00,,,,,,
Page-3_Line-45,21221,200,AMIODARONE  200  MG  TABLET,28.27,,Page-3_Line-45  : 0250  |AMIODARONE  200  MG  TABLET  021221  2  28.27,,,,,,
Page-3_Line-52,21221,200,AMIODARONE  200  MG  TABLET,28.27,,Page-3_Line-52  : 0250  |AMIODARONE  200  MG  TABLET  021221  2  28.27,,,,,,
Page-4_Line-21,21321,200,AMIODARONE  200  MG  TABLET  021321  a,11.58,,"Page-4_Line-21  : 0250  |AMIODARONE  200  MG  TABLET  021321  a  11,58",,,,,,
Page-4_Line-28,21321,200,AMTODARONE  200  MG  TABLET,11.58,,Page-4_Line-28  : 0250  |AMTODARONE  200  MG  TABLET  021321  2  11.58,,,,,,
Page-4_Line-31,21421,200,AMTODARONE  200  MG  TABLET,28.27,,Page-4_Line-31  : 0250  |AMTODARONE  200  MG  TABLET  021421  2  28.27,,,,,,
Page-4_Line-36,21421,200,JAMTODARONE  200  MG  TABLET,11.58,,"Page-4_Line-36  : 0250  JAMTODARONE  200  MG  TABLET  021421  2  11,58",,,,,,
Page-4_Line-48,21421,200,AMIODARONE  200  MG  TABLET,11.58,,Page-4_Line-48  : 0250  |AMIODARONE  200  MG  TABLET  021421  2  11.58,,,,,,
Page-4_Line-51,21521,200,AMTODARONE  200  MG  TABLET,28.27,,Page-4_Line-51  : 0250  /AMTODARONE  200  MG  TABLET  021521  2  28.27,,,,,,
Page-4_Line-53,21521,200,AMIODARONE  200  MG  TABLET,11.58,,Page-4_Line-53  : 0250  |AMIODARONE  200  MG  TABLET  021521  2  11.58,,,,,,
Page-4_Line-60,21521,200,AMIODARONE  200  MG  TABLET,11.58,,Page-4_Line-60  : 0250  |AMIODARONE  200  MG  TABLET  021521  2  11.58,,,,,,
Page-5_Line-23,21521,200,JAMIODARONE  200  MG  TABLET,11.58,,Page-5_Line-23  : 0250  JAMIODARONE  200  MG  TABLET  021521  2  11.58,,,,,,
Page-5_Line-25,21621,200,AMIODARONE  200  MG  TABLET,11.58,,Page-5_Line-25  : 0250  |AMIODARONE  200  MG  TABLET  021621  2  11.58,,,,,,
Page-5_Line-32,21621,200,AMIODARONE  200  MG  TABLET,11.58,,Page-5_Line-32  : 0250  |AMIODARONE  200  MG  TABLET  021621  2  11.58,,,,,,
Page-5_Line-39,21721,200,AMIODARONE  200  MG  TABLET,11.58,,Page-5_Line-39  : 0250  |AMIODARONE  200  MG  TABLET  021721  2  11.58,,,,,,
Page-5_Line-40,21721,200,AMIODARONE  200  MG  TABLET,11.58,,Page-5_Line-40  : 0250  |AMIODARONE  200  MG  TABLET  021721  2  11.58,,,,,,
