Position,Date,Search_Term,Description,Amount,FLAG,Line Info,,,,
Page-2_Line-11,25301132,301,CHARLESTON  WV,0,Check the Amount,Page-2_Line-11  : CHARLESTON  WV  253011326,,,,
Page-3_Line-7,25301132,301,CHARLESTON  WV,0,Check the Amount,Page-3_Line-7  :    CHARLESTON  WV  253011326,,,,
Page-4_Line-9,25301132,301,CHARLESTON  WV,0,Check the Amount,Page-4_Line-9  :      CHARLESTON  WV  253011326,,,,
Page-5_Line-10,25301132,301,CHARLESTON  WV,0,Check the Amount,Page-5_Line-10  : CHARLESTON  WV  253011326,,,,
Page-6_Line-11,25301132,301,CHARLESTON  WV,0,Check the Amount,Page-6_Line-11  : CHARLESTON  WV  253011326,,,,
Page-7_Line-13,25301132,301,CHARLESTON  WV,0,Check the Amount,Page-7_Line-13  : CHARLESTON  WV  253011326,,,,
Page-7_Line-27,21221,301,"CALCIUM,  IONIZED  (WHOLE",162,,"Page-7_Line-27  : 0301  |CALCIUM,  IONIZED  (WHOLE  |  021221  1  162.00",,,,
Page-7_Line-29,21221,301,"CALCIUM,  IONIZED  (WHOLE",162,,"Page-7_Line-29  : 0301  /CALCIUM,  IONIZED  (WHOLE  [82330  021221  1  162.00",,,,
Page-7_Line-30,21221,301,JARTERIAL  BLOOD  GASES,174,,Page-7_Line-30  : 0301  JARTERIAL  BLOOD  GASES  82803  021221  1  174.00,,,,
Page-7_Line-31,21221,301,JARTERIAL  BLOOD  GASES  62803  021221  J,174,,Page-7_Line-31  : 0301  JARTERIAL  BLOOD  GASES  62803  021221  J  174.00,,,,
Page-7_Line-32,21221,301,JARTERTAL  BLOOD  GASES,174,,Page-7_Line-32  : 0301  |JARTERTAL  BLOOD  GASES  82803  021221  1  174.00,,,,
Page-7_Line-33,21221,301,ARTERIAL  BLOOD  GASES  B2803  021221  y,174,,Page-7_Line-33  : 0301  |ARTERIAL  BLOOD  GASES  B2803  021221  y  174.00,,,,
Page-7_Line-34,21221,301,ARTERIAL  BLOOD  GASES  B2803,174,,Page-7_Line-34  : 0301  |ARTERIAL  BLOOD  GASES  B2803  021221  1  174.00,,,,
Page-7_Line-35,21221,301,ARTERIAL  BLOOD  GASES  82803  021221  q,174,,Page-7_Line-35  : 0301  |ARTERIAL  BLOOD  GASES  82803  021221  q  174.00,,,,
Page-7_Line-36,21221,301,MAGNESIUM,90,,Page-7_Line-36  : 0301  |MAGNESIUM  63735  021221  1  90.00,,,,
Page-7_Line-37,21221,301,MAGNESIUM,90,,Page-7_Line-37  : 0301  |MAGNESIUM  83735  021221  1  30.00,,,,
Page-7_Line-38,21221,301,POTASSIUM  B4132  021221  4h,74,,Page-7_Line-38  : 0301  | POTASSIUM  B4132  021221  4h  74.00,,,,
Page-7_Line-39,21321,301,"CALCIUM,  IONIZED  (WHOLE",162,,"Page-7_Line-39  : 0301  CALCIUM,  IONIZED  (WHOLE  82330  021321  1  162.00",,,,
Page-7_Line-40,21321,301,JARTERIAL  BLOOD  GASES  B2803,174,,Page-7_Line-40  : 0301  |JARTERIAL  BLOOD  GASES  B2803  021321  1  174.00,,,,
Page-7_Line-41,21321,301,ARTERIAL  BLOOD  GASES,174,,Page-7_Line-41  : 0301  |ARTERIAL  BLOOD  GASES  82803  021321  1  174.00,,,,
Page-7_Line-42,21321,301,ARTERIAL  BLOOD  GASES,174,,Page-7_Line-42  : 0301  |ARTERIAL  BLOOD  GASES  82803  021321  1  174.00,,,,
Page-7_Line-43,21321,301,ARTERIAL  BLOOD  GASES  B2803  021321  L,174,,Page-7_Line-43  : 0301  |ARTERIAL  BLOOD  GASES  B2803  021321  L  174.00,,,,
Page-7_Line-44,21321,301,JARTERIAL  BLOOD  GASES  B2803,174,,Page-7_Line-44  : 0301  JARTERIAL  BLOOD  GASES  B2803  021321  1  174.00,,,,
Page-7_Line-45,21321,301,ARTERIAL  BLOOD  GASES  82803  021321  Al,174,,Page-7_Line-45  : 0301  |ARTERIAL  BLOOD  GASES  82803  021321  Al  174.00,,,,
Page-7_Line-46,21321,301,ARTERIAL  BLOOD  GASES,174,,Page-7_Line-46  : 0301  |ARTERIAL  BLOOD  GASES  82803  021321  1  174.00,,,,
Page-7_Line-47,21321,301,ARTERTAL  BLOOD  GASES  B2803,174,,Page-7_Line-47  : 0301  |ARTERTAL  BLOOD  GASES  B2803  021321  1  174.00,,,,
Page-7_Line-48,21321,301,MAGNESIUM,90,,Page-7_Line-48  : 0301  |MAGNESIUM  63735  021321  1  90.00,,,,
Page-7_Line-50,21421,301,"CALCIUM,  IONIZED  (WHOLE",162,,"Page-7_Line-50  : 0301  (CALCIUM,  IONIZED  (WHOLE  #2330  021421     1    162.00",,,,
Page-7_Line-52,21421,301,"CALCIUM,  IONIZED  (WHOLE  62330  021421  I",162,,"Page-7_Line-52  : 0301  /CALCIUM,  IONIZED  (WHOLE  62330  021421  I  162.00",,,,
Page-7_Line-53,21421,301,"CALCIUM,  IONIZED  (WHOLE",162,,"Page-7_Line-53  : 0301  CALCIUM,  IONIZED  (WHOLE  82330  021421  4  162.00",,,,
Page-7_Line-54,21421,301,"CALCIUM,  IONIZED  (WHOLE  2330  021421  i",162,,"Page-7_Line-54  : 0301  |CALCIUM,  IONIZED  (WHOLE  2330  021421  i  162.00",,,,
Page-7_Line-55,21421,301,MAGNESTUM  B3735,90,,Page-7_Line-55  : 0301  |MAGNESTUM  B3735  021421  1  90.00,,,,
Page-7_Line-56,21421,301,MAGNESIUM  83735  021421  ai,90,,Page-7_Line-56  : 0301  |MAGNESIUM  83735  021421  ai  90.00,,,,
Page-7_Line-57,21421,301,MAGNESIUM,90,,Page-7_Line-57  : 0301  |MAGNESIUM  3735  021421  1  90.00,,,,
Page-7_Line-58,21421,301,MAGNESTUM  B3735,90,,Page-7_Line-58  : 0301  |MAGNESTUM  B3735  021421  1  90.00,,,,
Page-7_Line-59,21421,301,POTASSIUM  B4132  021421  il,74,,Page-7_Line-59  : 0301  |POTASSIUM  B4132  021421  il  74.00,,,,
Page-7_Line-60,21421,301,POTASSIUM  84132  021421  Ly,74,,Page-7_Line-60  : 0301  | POTASSIUM  84132  021421  Ly  74.00,,,,
Page-7_Line-61,21421,301,POTASSIUM,74,,"Page-7_Line-61  : 0301  | POTASSIUM  4132  021421  1  74,00",,,,
Page-7_Line-62,21421,301,POTASSIUM  4132  021421  i,74,,Page-7_Line-62  : 0301  |POTASSIUM  4132  021421  i  74.00,,,,
Page-7_Line-63,21521,301,"O301|CALCIUM,  IONIZED  (WHOLE",162,,"Page-7_Line-63  : O301|CALCIUM,  IONIZED  (WHOLE  2330  021521  1  162.00",,,,
Page-7_Line-64,21521,301,MAGNESIUM  3735  021521  al,90,,Page-7_Line-64  : 0301  |MAGNESIUM  3735  021521  al  90.00,,,,
Page-7_Line-65,21621,301,MAGNESIUM  3735  021621  el,90,,Page-7_Line-65  : 0301  |MAGNESIUM  3735  021621  el  90.00,,,,
Page-7_Line-66,21621,301,POTASSIUM  4132  021621  L,74,,Page-7_Line-66  : 0301  |POTASSIUM  4132  021621  L  74.00,,,,
Page-8_Line-11,25301132,301,CHARLESTON  WV,0,Check the Amount,Page-8_Line-11  : CHARLESTON  WV  253011326,,,,
Page-9_Line-11,25301132,301,CHARLESTON  WV,0,Check the Amount,Page-9_Line-11  : CHARLESTON  WV  253011326,,,,
Page-9_Line-7,N/A,301,TIME  02:08:05  PM     301  MORRIS  ST,0,Check the Amount,Page-9_Line-7  : TIME  02:08:05  PM     301  MORRIS  ST,,,,
