Position,Date,Search_Term,Description,Amount,FLAG,Line Info
Page-3_Line-32,21221,ACETAMINOPHEN,JACETAMINOPHEN  (OFIRMEV,101.13,,Page-3_Line-32  : 0250  |JACETAMINOPHEN  (OFIRMEV)  021221  1  101.13
Page-4_Line-22,21321,ACETAMINOPHEN,OXYCODONE-ACETAMINOPHEN,4.87,,Page-4_Line-22  : 0250  |OXYCODONE-ACETAMINOPHEN  021321  2  4.87
Page-4_Line-24,21321,ACETAMINOPHEN,OXYCODONE-ACETAMINOPHEN,4.87,,Page-4_Line-24  : 0250  |OXYCODONE-ACETAMINOPHEN  021321  2  4.87
Page-4_Line-26,21321,ACETAMINOPHEN,OXYCODONE-ACETAMINOPHEN,4.87,,Page-4_Line-26  : 0250  |OXYCODONE-ACETAMINOPHEN  021321  2  4.87
Page-4_Line-29,21421,ACETAMINOPHEN,OXYCODONE-ACETAMINOPHEN,4.87,,Page-4_Line-29  : 0250  |OXYCODONE-ACETAMINOPHEN  021421  2  4.87
Page-4_Line-31,21421,ACETAMINOPHEN,OXYCODONE-ACETAMINOPHEN,4.87,,Page-4_Line-31  : 0250  |OXYCODONE-ACETAMINOPHEN  021421  2  4.87
Page-5_Line-15,21521,ACETAMINOPHEN,ACETAMINOPHEN-CODE INE,1.09,,Page-5_Line-15  : 0 250  |ACETAMINOPHEN-CODE INE  30  021521   1  1.09
Page-5_Line-18,21621,ACETAMINOPHEN,ACETAMINOPHEN-CODEINE,1.09,,Page-5_Line-18  : 0250  |ACETAMINOPHEN-CODEINE  30  021621  1  1.09
Page-5_Line-27,21621,ACETAMINOPHEN,ACETAMINOPHEN-CODEINE,1.09,,Page-5_Line-27  : 0250  |ACETAMINOPHEN-CODEINE  30  021621  1  1.09
Page-5_Line-32,21621,ACETAMINOPHEN,ACETAMINOPHEN-CODEINE,1.09,,Page-5_Line-32  : 0250  |ACETAMINOPHEN-CODEINE  30  021621  1  1.09
Page-5_Line-45,21721,ACETAMINOPHEN,ACETAMINOPHEN-CODEINE  30  021721  af,1.09,,Page-5_Line-45  : 0250  |ACETAMINOPHEN-CODEINE  30  021721  af  1.09
Page-5_Line-46,21821,ACETAMINOPHEN,ACETAMINOPHEN-CODEINE,1.09,,Page-5_Line-46  : 0250  |ACETAMINOPHEN-CODEINE  30  021821  1  1.09
Page-5_Line-54,21821,ACETAMINOPHEN,JACETAMINOPHEN-CODEINE,1.09,,Page-5_Line-54  : 0250  JACETAMINOPHEN-CODEINE  30  021821  1  1.09
