Position,Date,Search_Term,Description,Amount,FLAG,Line Info
Page-8_Line-22,21221,305,CBC  WITHOUT  DIFF  B5027  021221  z,77,,Page-8_Line-22  : 0305  CBC  WITHOUT  DIFF  B5027  021221  z  77.00
Page-8_Line-23,21221,305,CBC  WITHOUT  DIFF  B5027,77,,Page-8_Line-23  : 0305  CBC  WITHOUT  DIFF  B5027  021221  1  77.00
Page-8_Line-24,21221,305,FIBRINOGEN  B5384  021221  L,117,,Page-8_Line-24  : 0305  FIBRINOGEN  B5384  021221  L  117.00
Page-8_Line-25,21221,305,PERF  HEPARIN  ASSAY,2328,,Page-8_Line-25  : 0305  PERF  HEPARIN  ASSAY  85520  021221  3  2328.00
Page-8_Line-26,21221,305,PERF  PLATELET  65525  021221  i,83,,Page-8_Line-26  : 0305  PERF  PLATELET  65525  021221  i  83.00
Page-8_Line-27,21221,305,PROTHROMBIN  TIME  WITH  IN  B5610,85,,Page-8_Line-27  : 0305  PROTHROMBIN  TIME  WITH  IN  B5610  021221  1  85.00
Page-8_Line-28,21221,305,PERF  PROTHROMBIN  TIME  (P  B5610,85,,Page-8_Line-28  : 0305  PERF  PROTHROMBIN  TIME  (P  B5610  021221  1  85.00
Page-8_Line-29,21221,305,ACTIVATED  PARTIAL  THROMB,86,,Page-8_Line-29  : 0305  ACTIVATED  PARTIAL  THROMB  65730  021221  1  86.00
Page-8_Line-30,21221,305,PERF  PARTIAL  THROMOPLAS,86,,Page-8_Line-30  : 0305  PERF  PARTIAL  THROMOPLAS  85730  021221  1  86.00
Page-8_Line-31,21321,305,CBC  WITHOUT  DIFF  B5027  021321  u,77,,Page-8_Line-31  : 0305  CBC  WITHOUT  DIFF  B5027  021321  u  77.00
Page-8_Line-32,21321,305,PROTHROMBIN  TIME  WITH  IN  B5610,85,,Page-8_Line-32  : 0305  PROTHROMBIN  TIME  WITH  IN  B5610  021321  1  85.00
Page-8_Line-33,21321,305,ACTIVATED  PARTIAL  THROMB,86,,Page-8_Line-33  : 0305  ACTIVATED  PARTIAL  THROMB  65730  021321  1  86.00
Page-8_Line-34,N/A,305,No Description,77,Check the Amount,Page-8_Line-34  : 0305
Page-8_Line-36,21421,305,CBC  WITHOUT  DIFF,77,,"Page-8_Line-36  : 0305  CBC  WITHOUT  DIFF  85027  021421  1  77,00"
Page-8_Line-37,21421,305,CBC  WITHOUT  DIFF,77,,Page-8_Line-37  : 0305  CBC  WITHOUT  DIFF  85027  021421  1  77.00
Page-8_Line-38,21421,305,CBC  WITHOUT  DIFF,77,,Page-8_Line-38  : 0305  CBC  WITHOUT  DIFF  85027  021421  1  77.00
Page-8_Line-39,21521,305,CBC  WITHOUT  DIFF,77,,Page-8_Line-39  : 0305  CBC  WITHOUT  DIFF  85027  021521  1  77.00
Page-8_Line-40,21621,305,CBC  WITHOUT  DIFF,77,,Page-8_Line-40  : 0305  CBC  WITHOUT  DIFF  85027  021621  1  77.00
