Position,Date,Search_Term,Description,Amount,FLAG,Line Info
Page-2_Line-29,21221,250,AMIODARONE  500  MG/D5w,16.81,,Page-2_Line-29  : 0250  |AMIODARONE  500  MG/D5w  25  021221  4  16.81
Page-2_Line-30,21221,250,EPINEPHRINE  4  MG/D5w  250  021221  1  Vig  oe,71.32,Check the Amount,Page-2_Line-30  : 0250  EPINEPHRINE  4  MG/D5w  250  021221  1  Vig  oe
Page-2_Line-31,21221,250,INSULIN  REGULAR  100  UNIT,31.74,,Page-2_Line-31  : 0250  INSULIN  REGULAR  100  UNIT  021221  1  31.74
Page-2_Line-32,21221,250,JNOREPINEPHRINE  (LEVOPHED,18.68,,Page-2_Line-32  : 0250  JNOREPINEPHRINE  (LEVOPHED  021221  1  18.68
Page-2_Line-33,21221,250,DNU  DEXMEDETOMIDINE,23.27,,Page-2_Line-33  : 0250  |DNU  DEXMEDETOMIDINE  400  021221  1  -  23.27
Page-2_Line-34,21221,250,METOPROLOL  TARTRATE  25  M,1,,Page-2_Line-34  : 0250  |METOPROLOL  TARTRATE  25  M  021221  1  1.00
Page-2_Line-35,21221,250,MIDAZOLAM  PF  1  MG/ML  2  M,1.96,,Page-2_Line-35  : 0250  |MIDAZOLAM  PF  1  MG/ML  2  M  021221  1  1.396
Page-2_Line-36,21221,250,LIDOCAINE  2%  PF  5  ML  VIA,6.4,,Page-2_Line-36  : 0250  |LIDOCAINE  2%  PF  5  ML  VIA  021221  1  6.40
Page-2_Line-37,21221,250,ROCURONIUM  10  MG/ML  5  ML,20.01,,Page-2_Line-37  : 0250  |ROCURONIUM  10  MG/ML  5  ML  021221  2  20.01
Page-2_Line-38,21221,250,PROPOFOL  10  MG/ML  20  ML  021221  a,4.57,,Page-2_Line-38  : 0250  |PROPOFOL  10  MG/ML  20  ML  021221  a  4.57
Page-2_Line-39,21221,250,PHENYLEPHRINE  1000  MCG,1,,Page-2_Line-39  : 0250  |PHENYLEPHRINE  1000  MCG/1  021221  1  1.00
Page-2_Line-40,21221,250,PHENYLEPHRINE  1000  MCG,1,,Page-2_Line-40  : 0250  |PHENYLEPHRINE  1000  MCG/1  021221  1  1.00
Page-2_Line-41,21221,250,JANES  EPHEDRINE  50  MG,12.4,,Page-2_Line-41  : 0250  JANES  EPHEDRINE  50  MG/10  021221  1  12.40
Page-2_Line-42,21221,250,PHENYLEPHRINE  1000  MCG,1,,Page-2_Line-42  : 0250  |PHENYLEPHRINE  1000  MCG/1  021221  1  1.00
Page-2_Line-43,21221,250,JANES  EPHEDRINE  50  MG/10  021221  ae,6.2,,Page-2_Line-43  : 0250  JANES  EPHEDRINE  50  MG/10  021221  ae  6.20
Page-2_Line-46,21221,250,ANES  EPHEDRINE  50  MG,18.6,,Page-2_Line-46  : 0250  |ANES  EPHEDRINE  50  MG/10  021221     1    18.60
Page-2_Line-47,21221,250,CEFAZOLIN  1  G/10  ML  SWI,5.84,,Page-2_Line-47  : 0250  |CEFAZOLIN  1  G/10  ML  SWI  021221  2  5.84
Page-2_Line-48,21221,250,ANES  EPHEDRINE  50  MG/10  021221  i,12.4,,"Page-2_Line-48  : 0250  |ANES  EPHEDRINE  50  MG/10  021221  i  12,40"
Page-2_Line-49,21221,250,ANES  EPHEDRINE  50  MG,12.4,,Page-2_Line-49  : 0250  |ANES  EPHEDRINE  50  MG/10  021221  1  12.40
Page-2_Line-50,21221,250,NITROGLYCERIN  4MG/D5w,1,,Page-2_Line-50  : 0250 |NITROGLYCERIN  4MG/D5w  20     021221  1  1.00
Page-2_Line-51,21221,250,CEFAZOLIN  1  G/10  ML  SWI  021221  L,2.92,,Page-2_Line-51  : 0250  |CEFAZOLIN  1  G/10  ML  SWI  021221  L  2.92
Page-2_Line-52,21221,250,"HEPARIN  1,000  UNITS/ML  1  021221  He",7.1,,"Page-2_Line-52  : 0250  |HEPARIN  1,000  UNITS/ML  1  021221  He  7.10"
Page-2_Line-53,21221,250,PAPAVERINE  30  MG/ML  2  ML,442.04,,"Page-2_Line-53  : 0250  }PAPAVERINE  30  MG/ML  2  ML  021221  5  442,04"
Page-2_Line-54,21221,250,ALBUMIN  HUMAN  5%  250  ML  021221  all,102.48,,Page-2_Line-54  : 0250  |ALBUMIN  HUMAN  5%  250  ML  021221  all  102.48
Page-2_Line-55,21221,250,ALBUMIN  HUMAN  5%  250  ML,102.48,,Page-2_Line-55  : 0250  /ALBUMIN  HUMAN  5%  250  ML  021221  1  102.48
Page-2_Line-56,21221,250,METHADONE  10  MG  TABLET  021221  2  dS,1.56,Check the Amount,Page-2_Line-56  : 0250  |METHADONE  10  MG  TABLET  021221  2  dS 6
Page-2_Line-57,21221,250,APREPITANT  40  MG  CAPSULE,195.59,,Page-2_Line-57  : 0250  |APREPITANT  40  MG  CAPSULE  021221  1  195.59
Page-2_Line-58,21221,250,ANES  EPHEDRINE  50  MG/10  021221  ll,18.6,,Page-2_Line-58  : 0250  |ANES  EPHEDRINE  50  MG/10  021221  ll  18.60
Page-2_Line-59,21221,250,ANES  TRANEXAMIC  ACID,46.03,,Page-2_Line-59  : 0250  |ANES  TRANEXAMIC  ACID  100  021221  1  46.03
Page-2_Line-60,21221,250,ANES  TRANEXAMIC  ACID,46.03,,Page-2_Line-60  : 0250  |ANES  TRANEXAMIC  ACID  100  021221  1  46.03
Page-2_Line-61,21221,250,PHENYLEPHRINE  1000  MCG,1,,Page-2_Line-61  : 0250  |PHENYLEPHRINE  1000  MCG/1  021221  1  1.00
Page-2_Line-62,21221,250,MIDAZOLAM  PF  1  MG/ML  2  M,1.96,,Page-2_Line-62  : 0250  |MIDAZOLAM  PF  1  MG/ML  2  M  021221  1  1.96
Page-2_Line-63,21221,250,ROCURONIUM  10  MG/ML  5  ML,10.01,,Page-2_Line-63  : 0250  /ROCURONIUM  10  MG/ML  5  ML  021221  1  10.01
Page-2_Line-64,21221,250,ANES  EPHEDRINE  50  MG/10  021221  a,18.6,,Page-2_Line-64  : 0250  |ANES  EPHEDRINE  50  MG/10  021221  a  18.60
Page-3_Line-17,N/A,250,NOREPINEPHRINE  (LEVOPHED     Teniazal  i,1,,Page-3_Line-17  : 0250  [NOREPINEPHRINE  (LEVOPHED     Teniazal  i  1.00
Page-3_Line-19,21221,250,MIDAZOLAM  PF  1  MG/ML  2  M,1.96,,Page-3_Line-19  : 0250  |MIDAZOLAM  PF  1  MG/ML  2  M  021221  1  1.96
Page-3_Line-20,21221,250,LIDOCAINE  2%  PF  5  ML  VIA,6.4,,Page-3_Line-20  : 0250  |LIDOCAINE  2%  PF  5  ML  VIA  021221  1  6.40
Page-3_Line-21,22221,250,ROCURONIUM  10  MG/ML  5  ML,10.01,,Page-3_Line-21  : 0250  [ROCURONIUM  10  MG/ML  5  ML  022221  1  10.01
Page-3_Line-22,21221,250,AMIODARONE  500  MNG/DSW,12.1,,Page-3_Line-22  : 0250  |AMIODARONE  500  MNG/DSW  25  021221  1  12.10
Page-3_Line-23,21221,250,MAGNESIUM  SULFATE  500  MG,6.75,,Page-3_Line-23  : 0250  |MAGNESIUM  SULFATE  500  MG  021221  2  6.75
Page-3_Line-24,21221,250,"HEPARIN  1,000  UNITS/ML",13.62,,"Page-3_Line-24  : 0250  |HEPARIN  1,000  UNITS/ML  3  021221  1  13.62"
Page-3_Line-25,21221,250,CEFAZOLIN  1  G/10  ML  SWI,5.84,,Page-3_Line-25  : 0250  |CEFAZOLIN  1  G/10  ML  SWI  021221  2  5.84
Page-3_Line-26,21221,250,CALCIUM  CHLORIDE  1G/10  m,41.26,,Page-3_Line-26  : 0250  |CALCIUM  CHLORIDE  1G/10  m  021221  1  41.26
Page-3_Line-27,21221,250,EPINEPHRINE  4  MG/D5w,2.39,,Page-3_Line-27  : 0250  |EPINEPHRINE  4  MG/D5w  250  021221  1  2.39
Page-3_Line-28,21221,250,PROTAMINE  10  MG/ML  25  ML,40.92,,Page-3_Line-28  : 0250  |PROTAMINE  10  MG/ML  25  ML  021221  1  40.92
Page-3_Line-29,21221,250,BUDESONIDE-FORMOTEROL,528.61,,Page-3_Line-29  : 0250  |BUDESONIDE-FORMOTEROL  16  021221  1  528.61
Page-3_Line-30,21221,250,ACETAMINOPHEN  (OFIRMEV)  021221  i,101.13,,Page-3_Line-30  : 0250  |ACETAMINOPHEN  (OFIRMEV)  021221  i  101.13
Page-3_Line-31,21221,250,TIOTROPIUM  2.5  MCG/INH  A,160.12,,Page-3_Line-31  : 0250  |TIOTROPIUM  2.5  MCG/INH  A  021221  1  160.12
Page-3_Line-32,21221,250,PROTAMINE  10  MG/ML  25  ML,15.74,,Page-3_Line-32  : 0250  |PROTAMINE  10  MG/ML  25  ML  021221  1  15.74
Page-3_Line-33,21221,250,SODIUM  BICARBONATE,22.54,,Page-3_Line-33  : 0250  |SODIUM  BICARBONATE  8.4%  021221  1  22.54
Page-3_Line-34,21221,250,POTASSIUM  CHLORIDE  IN  ST,6.95,,Page-3_Line-34  : 0250  |POTASSIUM  CHLORIDE  IN  ST  021221  1  6.95
Page-3_Line-35,21221,250,MUPTROCIN  2  %  OINTMENT,76.06,,Page-3_Line-35  : 0250  |MUPTROCIN  2  %  OINTMENT  2  021221  1  76.06
Page-3_Line-36,21221,250,NOREPINEPHRINE  (LEVOPHED,1,,Page-3_Line-36  : 0250  |NOREPINEPHRINE  (LEVOPHED  021221  1  1.00
Page-3_Line-37,21221,250,MIDAZOLAM  PF  1  MG/ML  2  M,1.96,,Page-3_Line-37  : 0250  |MIDAZOLAM  PF  1  MG/ML  2  M  021221  1  1.96
Page-3_Line-38,21221,250,ANES  EPHEDRINE  50  MG,12.4,Check the Amount,Page-3_Line-38  : 0250  |ANES  EPHEDRINE  50  MG/10  021221  1  1240
Page-3_Line-39,21221,250,EPINEPHRINE  4  MG/D5W,13.56,Check the Amount,Page-3_Line-39  : 0250  |EPINEPHRINE  4  MG/D5W  250  021221  1  226
Page-3_Line-42,21221,250,FENTANYL  50  MCG/ML  20  ML,13.56,,Page-3_Line-42  : 0250  |FENTANYL  50  MCG/ML  20  ML  021221  1  13.56
Page-3_Line-43,21221,250,PANTOPRAZOLE  40  MG  VIAL,15.12,,"Page-3_Line-43  : 0250  |PANTOPRAZOLE  40  MG  VIAL  021221  4,  15.12"
Page-3_Line-45,21221,250,AMIODARONE  200  MG  TABLET,28.27,,Page-3_Line-45  : 0250  |AMIODARONE  200  MG  TABLET  021221  2  28.27
Page-3_Line-46,21221,250,ASPIRIN  81  MG  CHEWABLE  T,1,,Page-3_Line-46  : 0250|ASPIRIN  81  MG  CHEWABLE  T  021221  1  1.00
Page-3_Line-47,21221,250,AMIODARONE  500  MG/DSW,16.81,,Page-3_Line-47  : 0250  |AMIODARONE  500  MG/DSW  25  021221  1  16.82
Page-3_Line-48,21221,250,ALBUMIN  HUMAN  5%  250  ML,102.48,,Page-3_Line-48  : 0250  |ALBUMIN  HUMAN  5%  250  ML  021221  1  102.48
Page-3_Line-49,21221,250,ALBUMIN  HUMAN  5%  250  ML,102.48,,Page-3_Line-49  : 0250  |ALBUMIN  HUMAN  5%  250  ML  021221  1  102.48
Page-3_Line-50,21221,250,CEFAZOLIN  2  G/20  ML  SWT,5.84,,Page-3_Line-50  : 0250  |CEFAZOLIN  2  G/20  ML  SWT  021221  1  5.84
Page-3_Line-51,21221,250,SODIUM  BICARBONATE,20.69,,Page-3_Line-51  : 0250|SODIUM  BICARBONATE  8.4%  021221  1  20.69
Page-3_Line-52,21221,250,AMIODARONE  200  MG  TABLET,28.27,,Page-3_Line-52  : 0250  |AMIODARONE  200  MG  TABLET  021221  2  28.27
Page-3_Line-53,21221,250,CARDIOPLEGIA-HEPARIN  CEL,16.35,,Page-3_Line-53  : 0250  |CARDIOPLEGIA-HEPARIN  CEL  021221  1  16.35
Page-3_Line-54,21221,250,CARDIOPLEGIA-HIGH  K,27.88,,Page-3_Line-54  : 0250  |CARDIOPLEGIA-HIGH  K+  021221|  517  27.88
Page-3_Line-55,21221,250,CARDIOPLEGIA-LOW  K,27.48,,Page-3_Line-55  : 0250  |CARDIOPLEGIA-LOW  K+  516.  021221}  517  27.48
Page-3_Line-56,21221,250,SODIUM  BICARBONATE,20.69,,Page-3_Line-56  : 0250  |SODIUM  BICARBONATE  8.4%  021221  1  20.69
Page-3_Line-57,21221,250,"PLASMA-LYTE  A  SOLUTION  021221  1  27,  0L",27.11,Check the Amount,"Page-3_Line-57  : 0250  /PLASMA-LYTE  A  SOLUTION  021221  1  27,  0L"
Page-3_Line-58,21221,250,MANNITOL  25%  12.5  G,4.67,,Page-3_Line-58  : 0250  (MANNITOL  25%  12.5  G/50  021221  1  4.67
Page-3_Line-59,21321,250,MORPHINE  2  MG/ML  1  ML  SY,4.39,,Page-3_Line-59  : 0250  MORPHINE  2  MG/ML  1  ML  SY  021321  1  4.39
Page-3_Line-60,21321,250,CEFAZOLIN  2  G/20  ML  SWI,5.84,,Page-3_Line-60  : 0250  |CEFAZOLIN  2  G/20  ML  SWI  021321  1  5.84
Page-4_Line-19,21321,250,AMTODARONE  500  MG/DSW,16.81,,Page-4_Line-19  : 0250  |AMTODARONE  500  MG/DSW  25  021321   1  16.8 1
Page-4_Line-20,21321,250,PANTOPRAZOLE  40  MG  VIAL  021321  q,15.12,,Page-4_Line-20  : 0250  |PANTOPRAZOLE  40  MG  VIAL  021321  q  15.12
Page-4_Line-21,21321,250,AMIODARONE  200  MG  TABLET  021321  a,11.58,,"Page-4_Line-21  : 0250  |AMIODARONE  200  MG  TABLET  021321  a  11,58"
Page-4_Line-22,21321,250,ASPIRIN  81  MG  CHEWABLE  T,1,,Page-4_Line-22  : 0250  |ASPIRIN  81  MG  CHEWABLE  T  021321  1  1.00
Page-4_Line-23,21321,250,MONTELUKAST  10  MG  TABLET  021321  y,10.06,,Page-4_Line-23  : 0250  |MONTELUKAST  10  MG  TABLET  021321  y  10.06
Page-4_Line-24,21321,250,MULTIVITAMIN  WITH  MINERA  021321  i,1,,Page-4_Line-24  : 0250  |MULTIVITAMIN  WITH  MINERA  021321  i  1.00
Page-4_Line-25,21321,250,OXYCODONE-ACETAMINOPHEN,4.87,,Page-4_Line-25  : 0250  |OXYCODONE-ACETAMINOPHEN  021321  2  4.87
Page-4_Line-26,21321,250,JATORVASTATIN  40  MG  TABLE,1.23,,Page-4_Line-26  : 0250  JATORVASTATIN  40  MG  TABLE  021321  \  1.23
Page-4_Line-27,21321,250,OXYCODONE-ACETAMINOPHEN,4.87,,Page-4_Line-27  : 0250  |OXYCODONE-ACETAMINOPHEN  021321  2  4.87
Page-4_Line-28,21321,250,AMTODARONE  200  MG  TABLET,11.58,,Page-4_Line-28  : 0250  |AMTODARONE  200  MG  TABLET  021321  2  11.58
Page-4_Line-29,21321,250,OXYCODONE-ACETAMINOPHEN,4.87,,Page-4_Line-29  : 0250  |OXYCODONE-ACETAMINOPHEN  021321  2  4.87
Page-4_Line-30,21321,250,METOPROLOL  TARTRATE  25  M,1,,Page-4_Line-30  : 0250  |METOPROLOL  TARTRATE  25  M  021321  1  1.00
Page-4_Line-31,21421,250,AMTODARONE  200  MG  TABLET,28.27,,Page-4_Line-31  : 0250  |AMTODARONE  200  MG  TABLET  021421  2  28.27
Page-4_Line-32,21421,250,OXYCODONE-ACETAMINOPHEN,4.87,,Page-4_Line-32  : 0250  |OXYCODONE-ACETAMINOPHEN  021421  2  4.87
Page-4_Line-33,21421,250,AMIODARONE  500  MG/D5w  25  021421  d,16.81,,Page-4_Line-33  : 0250  |AMIODARONE  500  MG/D5w  25  021421  d  16.81
Page-4_Line-34,21421,250,OXYCODONE-ACETAMINOPHEN,4.87,,Page-4_Line-34  : 0250  |OXYCODONE-ACETAMINOPHEN  021421  2  4.87
Page-4_Line-35,21421,250,MUPIROCIN  2  %  OINTMENT  2  021421  di,76.06,,Page-4_Line-35  : 0250  |MUPIROCIN  2  %  OINTMENT  2  021421  di  76.06
Page-4_Line-36,21421,250,JAMTODARONE  200  MG  TABLET,11.58,,"Page-4_Line-36  : 0250  JAMTODARONE  200  MG  TABLET  021421  2  11,58"
Page-4_Line-37,21421,250,ASPIRIN  81  MG  CHEWABLE  T,1,,Page-4_Line-37  : 0250  |ASPIRIN  81  MG  CHEWABLE  T  021421  1  1.00
Page-4_Line-38,21421,250,ATORVASTATIN  40  MG  TABLE,10.27,,Page-4_Line-38  : 0250  |ATORVASTATIN  40  MG  TABLE  021421  1  10.27
Page-4_Line-39,21421,250,METOPROLOL  TARTRATE  25  M,1,,Page-4_Line-39  : 0250  |METOPROLOL  TARTRATE  25  M  021421  1  1.00
Page-4_Line-41,21421,250,MONTELUKAST  10  MG  TABLET,10.06,,Page-4_Line-41  : 0250  |MONTELUKAST  10  MG  TABLET     021421     1    10.06
Page-4_Line-42,21421,250,MULTIVITAMIN  WITH  MINERA,1,,Page-4_Line-42  : 0250  |MULTIVITAMIN  WITH  MINERA  021421  1  1.00
Page-4_Line-44,21421,250,PANTOPRAZOLE  40  MG  VIAL,15.12,,Page-4_Line-44  : 0250  |PANTOPRAZOLE  40  MG  VIAL  021421  1  15.12
Page-4_Line-45,21421,250,MAGNESIUM  SULFATE  2  G/50  021421  l,3.07,,Page-4_Line-45  : 0250  |MAGNESIUM  SULFATE  2  G/50  021421  l  3.07
Page-4_Line-46,21421,250,FUROSEMIDE  10  MG/ML  4  ML  021421  L,6.17,,Page-4_Line-46  : 0250  |FUROSEMIDE  10  MG/ML  4  ML  021421  L  6.17
Page-4_Line-47,21421,250,JAMIODARONE  500  MG/D5w,16.81,,Page-4_Line-47  : 0250  JAMIODARONE  500  MG/D5w  25  021421  1  16.81
Page-4_Line-48,21421,250,AMIODARONE  200  MG  TABLET,11.58,,Page-4_Line-48  : 0250  |AMIODARONE  200  MG  TABLET  021421  2  11.58
Page-4_Line-49,21421,250,FUROSEMIDE  10  MG/ML  2  ML,8.8,,Page-4_Line-49  : 0250  |FUROSEMIDE  10  MG/ML  2  ML  021421  1  8.80
Page-4_Line-50,21421,250,ALBUMIN  HUMAN  5%  250  ML,102.48,,Page-4_Line-50  : 0250  ALBUMIN  HUMAN  5%  250  ML  021421  1  102.48
Page-4_Line-51,21521,250,AMTODARONE  200  MG  TABLET,28.27,,Page-4_Line-51  : 0250  /AMTODARONE  200  MG  TABLET  021521  2  28.27
Page-4_Line-52,21521,250,CALCIUM  GLUCONATE  2  G/NS,19.21,,Page-4_Line-52  : 0250  |CALCIUM  GLUCONATE  2  G/NS  021521  1  19.21
Page-4_Line-53,21521,250,AMIODARONE  200  MG  TABLET,11.58,,Page-4_Line-53  : 0250  |AMIODARONE  200  MG  TABLET  021521  2  11.58
Page-4_Line-54,21521,250,ASPIRIN  81  MG  CHEWABLE  T,1,,Page-4_Line-54  : 0250  ASPIRIN  81  MG  CHEWABLE  T  021521  1  1.00
Page-4_Line-55,21521,250,ATORVASTATIN  40  MG  TABLE  021521  a,10.27,,Page-4_Line-55  : 0250  |ATORVASTATIN  40  MG  TABLE  021521  a  10.27
Page-4_Line-56,21521,250,MONTELUKAST  10  MG  TABLET,10.06,,Page-4_Line-56  : 0250  |MONTELUKAST  10  MG  TABLET  021521  1  10.06
Page-4_Line-57,21521,250,MULTIVITAMIN  WITH  MINERA,1,,Page-4_Line-57  : 0250  |MULTIVITAMIN  WITH  MINERA  021521  1  1.00
Page-4_Line-58,21521,250,PANTOPRAZOLE  40  MG  VIAL,15.12,,Page-4_Line-58  : 0250  |PANTOPRAZOLE  40  MG  VIAL  021521  1  15.12
Page-4_Line-59,21521,250,METOPROLOL  TARTRATE  25  M,1,,Page-4_Line-59  : 0250  |METOPROLOL  TARTRATE  25  M  021521  1  1.00
Page-4_Line-60,21521,250,AMIODARONE  200  MG  TABLET,11.58,,Page-4_Line-60  : 0250  |AMIODARONE  200  MG  TABLET  021521  2  11.58
Page-5_Line-21,21521,250,ACETAMINOPHEN-CODEINE,1.09,,Page-5_Line-21  : 0250  |ACETAMINOPHEN-CODEINE  30  021521  1  1.09
Page-5_Line-22,21521,250,METOPROLOL  TARTRATE  25  M,1,,"Page-5_Line-22  : 0250  [METOPROLOL  TARTRATE  25  M  021521  1  1,00"
Page-5_Line-23,21521,250,JAMIODARONE  200  MG  TABLET,11.58,,Page-5_Line-23  : 0250  JAMIODARONE  200  MG  TABLET  021521  2  11.58
Page-5_Line-24,21621,250,ACETAMINOPHEN-CODEINE,1.09,,Page-5_Line-24  : 0250  |ACETAMINOPHEN-CODEINE  30  021621  1  1.09
Page-5_Line-25,21621,250,AMIODARONE  200  MG  TABLET,11.58,,Page-5_Line-25  : 0250  |AMIODARONE  200  MG  TABLET  021621  2  11.58
Page-5_Line-26,21621,250,ASPIRIN  81  MG  CHEWABLE  T,1,,Page-5_Line-26  : 0250  {ASPIRIN  81  MG  CHEWABLE  T  021621  1  1.00
Page-5_Line-27,21621,250,ATORVASTATIN  40  MG  TABLE,10.27,,Page-5_Line-27  : 0250  ATORVASTATIN  40  MG  TABLE  021621  1  10.27
Page-5_Line-28,21621,250,MBTOPROLOL  TARTRATE  25  M,1,,Page-5_Line-28  : 0250  |MBTOPROLOL  TARTRATE  25  M  021621  1  1.00
Page-5_Line-29,21621,250,MONTELUKAST  10  MG  TABLET,10.06,,Page-5_Line-29  : 0250  |MONTELUKAST  10  MG  TABLET  021621  1  10.06
Page-5_Line-30,21621,250,MULTIVITAMIN  WITH  MINERA,1,,Page-5_Line-30  : 0250  [MULTIVITAMIN  WITH  MINERA  021621  1  1.00
Page-5_Line-31,21621,250,POTASSIUM  CHLORIDE  10  ME,1.39,,Page-5_Line-31  : 0250  POTASSIUM  CHLORIDE  10  ME  021621  2  1.39
Page-5_Line-32,21621,250,AMIODARONE  200  MG  TABLET,11.58,,Page-5_Line-32  : 0250  |AMIODARONE  200  MG  TABLET  021621  2  11.58
Page-5_Line-33,21621,250,ACETAMINOPHEN-CODEINE,1.09,,Page-5_Line-33  : 0250  |ACETAMINOPHEN-CODEINE  30  021621  1  1.09
Page-5_Line-34,21621,250,POTASSIUM  CHLORIDE  10  ME,1.39,,Page-5_Line-34  : 0250  |POTASSIUM  CHLORIDE  10  ME  021621  2  1.39
Page-5_Line-35,21621,250,FUROSEMIDE  20  MG  TABLET,1,,Page-5_Line-35  : 0250  |FUROSEMIDE  20  MG  TABLET  021621  1  1.00
Page-5_Line-36,21621,250,POTASSIUM  CHLORIDE  10  ME,1,,Page-5_Line-36  : 0250  |POTASSIUM  CHLORIDE  10  ME  021621  1  1.00
Page-5_Line-37,21621,250,METOPROLOL  TARTRATE  25  M,1,,Page-5_Line-37  : 0250  |METOPROLOL  TARTRATE  25  M  021621  1  1.00
Page-5_Line-38,21621,250,ACETAMINOPHEN-CODEINE,1.09,,Page-5_Line-38  : 0250  |ACETAMINOPHEN-CODEINE  30  021621  1  1.09
Page-5_Line-39,21721,250,AMIODARONE  200  MG  TABLET,11.58,,Page-5_Line-39  : 0250  |AMIODARONE  200  MG  TABLET  021721  2  11.58
Page-5_Line-40,21721,250,AMIODARONE  200  MG  TABLET,11.58,,Page-5_Line-40  : 0250  |AMIODARONE  200  MG  TABLET  021721  2  11.58
Page-5_Line-41,21721,250,ASPIRIN  81  MG  CHEWABLE  T,1,,Page-5_Line-41  : 0250  |ASPIRIN  81  MG  CHEWABLE  T  021721  1  1.00
Page-5_Line-42,21721,250,ATORVASTATIN  40  MG  TABLE,10.27,,Page-5_Line-42  : 0250     [ATORVASTATIN  40  MG  TABLE     021721     1    10.27
Page-5_Line-43,21721,250,FUROSEMIDE  20  MG  TABLET,1,,Page-5_Line-43  : 0250  |FUROSEMIDE  20  MG  TABLET     021721  1  1.00
Page-5_Line-44,21721,250,METOPROLOL  TARTRATE  25  M,1,,Page-5_Line-44  : 0250  |METOPROLOL  TARTRATE  25  M  021721  7  1.00
Page-5_Line-45,21721,250,MONTELUKAST  10  MG  TABLET,10.06,,Page-5_Line-45  : 0250  |MONTELUKAST  10  MG  TABLET  021721  1  10.06
Page-5_Line-46,21721,250,MULTIVITAMIN  WITH  MINERA,1,,Page-5_Line-46  : 0250  [MULTIVITAMIN  WITH  MINERA  021721  1  1.00
Page-5_Line-47,21721,250,POTASSTUM  CHLORIDE  10  ME,1,,Page-5_Line-47  : 0250  |POTASSTUM  CHLORIDE  10  ME  021721  1  1.00
Page-5_Line-48,21721,250,METOPROLOL  TARTRATE  25  M,1,,Page-5_Line-48  : 0250  |METOPROLOL  TARTRATE  25  M  021721  1  1.00
Page-5_Line-49,21721,250,ACETAMINOPHEN-CODEINE,1.09,,Page-5_Line-49  : 0250  |ACETAMINOPHEN-CODEINE  30  021721  1  1.09
Page-5_Line-50,21821,250,ACETAMINOPHEN-CODEINE,1.09,,Page-5_Line-50  : 0250  |ACETAMINOPHEN-CODEINE  30  021821  1  1.09
Page-5_Line-51,21821,250,ASPIRIN  81  MG  CHEWABLE  T,1,,Page-5_Line-51  : 0250  ASPIRIN  81  MG  CHEWABLE  T  021821  1  1.00
Page-5_Line-52,21821,250,ATORVASTATIN  40  MG  TABLE,10.27,,Page-5_Line-52  : 0250  |ATORVASTATIN  40  MG  TABLE  021821  1  10.27
Page-5_Line-53,21821,250,FUROSEMIDE  20  MG  TABLET,1,,"Page-5_Line-53  : 0250  |FUROSEMIDE  20  MG  TABLET  021821  1  1,00"
Page-5_Line-54,21821,250,METOPROLOL  TARTRATE  25  M,1,,Page-5_Line-54  : 0250  |METOPROLOL  TARTRATE  25  M  021821  1  1.00
Page-5_Line-55,21821,250,MONTELUKAST  10  MG  TABLET,10.06,,"Page-5_Line-55  : 0250  |MONTELUKAST  10  MG  TABLET  021821  1,  10.06"
Page-5_Line-56,21821,250,MULTIVITAMIN  WITH  MINERA,1,,Page-5_Line-56  : 0250  |MULTIVITAMIN  WITH  MINERA  021821  1  1.00
Page-5_Line-57,21821,250,POTASSIUM  CHLORIDE  10  ME,1,,Page-5_Line-57  : 0250  |POTASSIUM  CHLORIDE  10  ME  021821  1  1.00
Page-5_Line-58,21821,250,ACETAMINOPHEN-CODEINE,1.09,,Page-5_Line-58  : 0250  |ACETAMINOPHEN-CODEINE  30  021821  1  1.09
