Position,Date,Search_Term,Description,Amount,FLAG,Line Info
Page-2_Line-4,N/A,INPATIENT,INPATIENT  VISIT,0,Check the Amount,Page-2_Line-4  : INPATIENT  VISIT
Page-3_Line-11,36250081,INPATIENT,INPATIENT  VISIT  -  STAT,0,Check the Amount,Page-3_Line-11  : 0€/18/20  0440  36250081  INPATIENT  VISIT  -  STAT
Page-3_Line-4,N/A,INPATIENT,INPATIENT  VISIT,0,Check the Amount,Page-3_Line-4  : INPATIENT  VISIT
Page-4_Line-30,6/19/2020,INPATIENT,INPATIENT  VISIT  -  STAT  ie,0,Check the Amount,Page-4_Line-30  : 06/19/20  0440  362  500€1  INPATIENT  VISIT  -  STAT  ie)  .00
Page-4_Line-4,N/A,INPATIENT,INPATIENT  VISIT,0,Check the Amount,Page-4_Line-4  : INPATIENT  VISIT
Page-5_Line-4,N/A,INPATIENT,INPATIENT  VISIT,0,Check the Amount,Page-5_Line-4  : INPATIENT  VISIT
Page-6_Line-11,6/22/2020,INPATIENT,INPATIENT  VISIT  -  STAT,0,Check the Amount,Page-6_Line-11  : 06/22/20  0440  36250081  INPATIENT  VISIT  -  STAT  0.00
Page-6_Line-31,6/23/2020,INPATIENT,INPATIENT  VISIT  -  STAT,0,Check the Amount,Page-6_Line-31  : 06/23/20  0440  362500€1  INPATIENT  VISIT  -  STAT  0.00
Page-6_Line-4,N/A,INPATIENT,INPATIENT  VISIT,0,Check the Amount,Page-6_Line-4  : INPATIENT  VISIT
Page-7_Line-4,N/A,INPATIENT,INPATIENT  VISIT,0,Check the Amount,Page-7_Line-4  : INPATIENT  VISIT
Page-7_Line-62,6/24/2020,INPATIENT,INPATIENT  VISIT  -  STAT,0,Check the Amount,Page-7_Line-62  : 06/24/20  0440  36250081  INPATIENT  VISIT  -  STAT
Page-8_Line-4,N/A,INPATIENT,INPATIENT  VISIT,0,Check the Amount,Page-8_Line-4  : INPATIENT  VISIT
