Position,Date,Search_Term,Description,Amount,FLAG,Line Info
Page-7_Line-9,,,,149,,
Page-7_Line-10,38501062,cYTMIRY,O3LL  38501062  FLOW  CYTMIRY  EA  ADD  MRKR  o,149,,Page-7_Line-10  : 0€/23/20  O3LL  38501062  FLOW  CYTMIRY  EA  ADD  MRKR  o 149.00
Page-7_Line-11,,,,149,,
Page-7_Line-12,,,,149,,
Page-7_Line-13,38501062,cYTMIRY,O3L1  38501062  FLOW  CYTMIRY  EA  ADD  MRKR,149,,Page-7_Line-13  : 0€/23/20  O3L1  38501062  FLOW  CYTMIRY  EA  ADD  MRKR  149.00
Page-7_Line-14,,,,149,,
Page-7_Line-15,,,,149,,
Page-7_Line-16,6/23/2020,cYTMIRY,FLOW  CYTMIRY  EA  ADD  MRKR,149,,Page-7_Line-16  : 06/23/20  0.3/1.1  38501062  FLOW  CYTMIRY  EA  ADD  MRKR  149.00
Page-7_Line-17,,,,149,,
Page-7_Line-18,6/23/2020,cYTMIRY,O3L1  38501062  FLOW  CYTMIRY  EA  ADD  MRKR  y,149,,Page-7_Line-18  : 06/23/20  O3L1  38501062  FLOW  CYTMIRY  EA  ADD  MRKR  y 149.00
Page-7_Line-19,,,,149,,
Page-7_Line-20,,,,149,,
Page-7_Line-21,,,,149,,
Page-7_Line-22,6/23/2020,cYTMIRY,O3L1  38501062  FLOW  CYTMIRY  EA  ADD  MRKR  d,149,,Page-7_Line-24  : 06/23/20  O3L1  38501062  FLOW  CYTMIRY  EA  ADD  MRKR  d 149.00
Page-7_Line-23,38501062,cYTMIRY,O3LL  38501062  FLOW  CYTMIRY  EA  ADD  MRKR  m,149,,Page-7_Line-28  : 0€/23/20  O3LL  38501062  FLOW  CYTMIRY  EA  ADD  MRKR  m 149.00
Page-7_Line-24,38501062,cYTMIRY,O3L1  38501062  FLOW  CYTMIRY  EA  ADD  MRKR  d,149,,Page-7_Line-30  : 0€/23/20  O3L1  38501062  FLOW  CYTMIRY  EA  ADD  MRKR  d 149.00
Page-7_Line-25,38501062,cYTMIRY,O3LL  38501062  FLOW  CYTMIRY  EA  ADD  MRKR  aid,149,,Page-7_Line-34  : 0€/23/20  O3LL  38501062  FLOW  CYTMIRY  EA  ADD  MRKR  aid 149.00
Page-7_Line-26,38501062,cYTMIRY,O3L1  38501062  FLOW  CYTMIRY  EA  ADD  MRKR,149,,Page-7_Line-35  : 0€/23/20  O3L1  38501062  FLOW  CYTMIRY  EA  ADD  MRKR  149.00
Page-7_Line-27,6/23/2020,cYTMIRY,FLOW  CYTMIRY  EA  ADD  MRKR,149,,Page-7_Line-39  : 06/23/20  0.3/1.1  38501062  FLOW  CYTMIRY  EA  ADD  MRKR  149.00
Page-7_Line-28,6/23/2020,cYTMIRY,O3L1  38501062  FLOW  CYTMIRY  EA  ADD  MRKR  u,149,,Page-7_Line-40  : 06/23/20  O3L1  38501062  FLOW  CYTMIRY  EA  ADD  MRKR  u 149.00
Page-7_Line-29,6/23/2020,cYTMIRY,O3L1  38501062  FLOW  CYTMIRY  EA  ADD  MRKR,149,,Page-7_Line-43  : 06/23/20  O3L1  38501062  FLOW  CYTMIRY  EA  ADD  MRKR  149.00
Page-7_Line-30,6/23/2020,cYTMIRY,Ol:  38501062  FLOW  CYTMIRY  EA  ADD  MRKR  A,149,,Page-7_Line-44  : 06/23/20  Ol:  38501062  FLOW  CYTMIRY  EA  ADD  MRKR  A 149.00
