Position,Date,Search_Term,Description,Amount,FLAG,Line Info,,,,,,
Page-5_Line-42,6/20/2020,RENAL,RENAL  FUNCTION  PANEL,427,Check the Amount,Page-5_Line-42  : 06/20/20  0301  22002123  RENAL  FUNCTION  PANEL,,,,,,
Page-5_Line-63,6/21/2020,RENAL,RENAL  FUNCTION  PANEL,427,Check the Amount,Page-5_Line-63  : 06/21/20  0301  22002123  RENAL  FUNCTION  PANEL,,,,,,
Page-6_Line-23,6/22/2020,RENAL,RENAL  FUNCTION  PANEL,427,,Page-6_Line-23  : 06/22/20  0301  220021223  RENAL  FUNCTION  PANEL  427.00,,,,,,
Page-6_Line-46,6/23/2020,RENAL,RENAL  FUNCTION  PANEL,427,,Page-6_Line-46  : 06/23/20  0301  220021223  RENAL  FUNCTION  PANEL  427.00,,,,,,
