Position,Date,Search_Term,Description,Amount,FLAG,Line Info
Page-2_Line-21,1/20/2021,172,R&BNICULEVEL,10418,,"Page-2_Line-21  : 0172  (01/20/2021)  6060  |0105353  |R&BNICULEVEL  2  4  10,418.00"
Page-2_Line-22,1/21/2021,172,R&BNICULEVEL,10418,,"Page-2_Line-22  : 0172  (01/21/2021|  6060  |0105353  |R&BNICULEVEL  2  1  10,418.00"
Page-2_Line-23,1/22/2021,172,R&BNICULEVEL,10418,,"Page-2_Line-23  : 0172  (01/22/2021|  6060  |0105353  |R&BNICULEVEL  2  1  10,418.00"
Page-2_Line-24,1/23/2021,172,R&BNICU  LEVEL,10418,,"Page-2_Line-24  : 0172  (01/23/2021)  6060  |0105353  |R&BNICU  LEVEL  2  1  10,418.00"
Page-2_Line-25,1/24/2021,172,R&BNICULEVEL,10418,,"Page-2_Line-25  : 0172  (01/24/2021|  6060  |0105353  |R&BNICULEVEL  2  1  10,418.00"
Page-2_Line-26,1/25/2021,172,R&BNICULEVEL,10418,,"Page-2_Line-26  : 0172  (01/25/2021|  6060  |0105353  |R&BNICULEVEL  2  1  10,418.00"
Page-3_Line-54,1/12/2021,172,No Description,172,,Page-3_Line-54  : 0301  (01/12/2021  2109/59  172.00
Page-4_Line-43,1/12/2021,172,ACTIVATED  PARTIAL  PROTHROMBIN,172,,Page-4_Line-43  : 01/12/2021  2300101  ACTIVATED  PARTIAL  PROTHROMBIN  172.00
Page-4_Line-50,1/12/2021,172,PROTHROMBIN  |  IME,172,,Page-4_Line-50  : 01/12/2021  2316203  PROTHROMBIN  |  IME  172.00
Page-4_Line-51,1/13/2024,172,ACTIVALED  PARTIAL  PRO]  HROMBIN,172,,Page-4_Line-51  : 01/13/2024  2300101  ACTIVALED  PARTIAL  PRO]  HROMBIN  172.00
Page-4_Line-60,1/13/2021,172,PROTHROMBIN  |  IME,172,,Page-4_Line-60  : 01/13/2021  2316503  PROTHROMBIN  |  IME  172.00
Page-4_Line-62,1/13/2021,172,PROTHROMBIN  |  IME,172,,Page-4_Line-62  : 01/13/2021  2316203  PROTHROMBIN  |  IME  172.00
Page-4_Line-64,1/14/2021,172,ACTIVALED  PARTIAL  PRO]  HROMBIN,172,,Page-4_Line-64  : 01/14/2021  2300101  ACTIVALED  PARTIAL  PRO]  HROMBIN  172.00
Page-4_Line-67,1/14/2021,172,PROTHROMBIN  |  IME,172,,Page-4_Line-67  : 01/14/2021  2316203  PROTHROMBIN  |  IME  172.00
Page-4_Line-68,2300101,172,O11  9/2021  2300101  AGHIVALED  PARTIAL  PROIHROMBIN,172,,Page-4_Line-68  : O11  9/2021  2300101  AGHIVALED  PARTIAL  PROIHROMBIN  172.00
