Position,Date,Search_Term,Description,Amount,FLAG,Line Info
Page-3_Line-66,N/A,MAGNESIUM,MAGNESIUM,190,Check the Amount,Page-3_Line-66  : MAGNESIUM
Page-3_Line-80,N/A,MAGNESIUM,MAGNESIUM,190,Check the Amount,Page-3_Line-80  : MAGNESIUM
Page-3_Line-82,N/A,MAGNESIUM,MAGNESIUM,190,Check the Amount,Page-3_Line-82  : MAGNESIUM
Page-4_Line-22,2113991,MAGNESIUM,MAGNESIUM,190,,Page-4_Line-22  : 01/1  4/2024  2113991  MAGNESIUM  190.00
Page-4_Line-26,1/15/2021,MAGNESIUM,MAGNESIUM,190,,Page-4_Line-26  : 01/15/2021  2113991  MAGNESIUM  190.00
Page-4_Line-30,1/17/2021,MAGNESIUM,MAGNESIUM,190,,Page-4_Line-30  : 01/17/2021  2113991  MAGNESIUM  190.00
