Position,Date,Search_Term,Description,Amount,FLAG,Line Info
Page-5_Line-58,,,,2143,,
Page-6_Line-18,1/13/2021,460,OXYGEN  HIGHFLOW/VAPOIHEKM  |  HEKAPY,2143,,"Page-6_Line-18  : 0460  (01/13/2021)  (965  [9001815  OXYGEN  HIGHFLOW/VAPOIHEKM  |  HEKAPY  2,143.00"
Page-6_Line-20,1/14/2021,460,OXYGEN  HIGHFLOW/VAPOIHERKM  |  HERAPY,2143,,"Page-6_Line-20  : 0460  (01/14/2021)  (905  |9051813  |OXYGEN  HIGHFLOW/VAPOIHERKM  |  HERAPY  2,143.00"
Page-6_Line-22,1/15/2021,460,OXYGEN  HIGHFLOW/VAPOTHERM  THERAPY,2143,,"Page-6_Line-22  : 0460  (01/15/2021)  7965  |9054815  OXYGEN  HIGHFLOW/VAPOTHERM  THERAPY  2,143.00"
