Position,Date,Search_Term,Description,Amount,FLAG,Line Info
Page-2_Line-30,1/12/2021,174,R&BNICULEVEL,11513,,"Page-2_Line-30  : 0174  (01/12/2021)  6060  |0101931  |R&BNICULEVEL  4  1  11,513.00"
Page-2_Line-31,1/13/2021,174,R&BNICU  LEVEL,11513,,"Page-2_Line-31  : 0174  (01/13/2021)  6060  |0101931  |R&BNICU  LEVEL  4  1  11,513.00"
Page-2_Line-32,1/14/2021,174,R&BNICU  LEVEL,11513,,"Page-2_Line-32  : 0174  (01/14/2021)  6060  |0101931  |R&BNICU  LEVEL  4  1  11,513.00"
Page-2_Line-33,1/15/2021,174,R&BNICULEVEL,11513,,"Page-2_Line-33  : 0174  (01/15/2021|  6060  |0101931  |R&BNICULEVEL  4  1  11,513.00"
Page-2_Line-34,1/16/2021,174,R&BNICULEVEL,11513,,"Page-2_Line-34  : 0174  (01/16/2021)  6060  |0101931  |R&BNICULEVEL  4  1  11,513.00"
