Position,Date,Search_Term,Description,Amount,FLAG,Line Info
Page-5_Line-31,1/13/2021,390,BLOOD  TYPING  SEROLOGIC  ABO,145,,Page-5_Line-31  : 0390  (01/13/2021)  7135  [1412006  (BLOOD  TYPING  SEROLOGIC  ABO  1  145.00
Page-5_Line-32,1/13/2021,390,RH  (D,145,,Page-5_Line-32  : 0390  (01/13/2021)  7135  |1440056  |RH  (D)  1  145.00
Page-5_Line-33,1/13/2021,390,PPF  FRESH  FROZEN  PLASMA  ALIQUOT,162,,Page-5_Line-33  : 0390  (01/13/2021|  7135  (9044448  9  (|PPF  FRESH  FROZEN  PLASMA  ALIQUOT  1  162.00
,,,,,,
,,,,,,
