Position,Date,Search_Term,Description,Amount,FLAG,Line Info
Page-2_Line-39,1/13/2021,AMPICILLIN,a5  [250  AMPICILLIN  SODIUM  INJ  (BILLING  UNIT,15,,Page-2_Line-39  : 0290  (01/13/2021)  /9a5  [250  AMPICILLIN  SODIUM  INJ  (BILLING  UNIT  =  200  4  19.00
Page-2_Line-41,1/13/2021,AMPICILLIN,a5  [250  AMPICILLIN  SODIUM  =  INJ  (BILLING  UNIT,15,,Page-2_Line-41  : 0290  (01/13/2021)  /9a5  [250  AMPICILLIN  SODIUM  =  INJ  (BILLING  UNIT  =  200  1  12.00
Page-2_Line-46,1/13/2021,AMPICILLIN,AMPICILLIN  SODIUM  INJ  (BILLING  UNIT,15,,Page-2_Line-46  : 0290  (01/13/2021)  /925  [250  AMPICILLIN  SODIUM  INJ  (BILLING  UNIT  =  200  1  19.00
Page-2_Line-48,1/14/2021,AMPICILLIN,AMPICILLIN  SODIUM  INJ  (BILLING  UNIT,15,,Page-2_Line-48  : 0290  (01/14/2021)  /925  [250  AMPICILLIN  SODIUM  INJ  (BILLING  UNIT  =  200  1  12.00
