"Position","Date","Search_Term","Description","Amount","FLAG","Line Info"
"Page-2_Line-23","06/17/20","430","FRE  OP  NO  CHARGE","0.0","Check the Amount","Page-2_Line-23  : 06/17/20  0360  34300603  FRE  OP  NO  CHARGE  0.00"
"Page-2_Line-26","06/17/20","430","O7LO  34301000  RECOVERY  ROOM  INITIAL  HOUR","3616.0","","Page-2_Line-26  : 06/17/20  O7LO  34301000  RECOVERY  ROOM  INITIAL  HOUR  3616.00"
"Page-2_Line-27","06/17/20","430","O71L0  34302000  RECOVERY  ROOM  EACH  ADDT  HO","2711.0","","Page-2_Line-27  : 06/17/20  O71L0  34302000  RECOVERY  ROOM  EACH  ADDT  HO  2711.00"
"Page-2_Line-28","06/17/20","430","O7LO  34300120  FACU  HOLDING  P/HR  -  NO  CHA","0.0","Check the Amount","Page-2_Line-28  : 06/17/20  O7LO  34300120  FACU  HOLDING  P/HR  -  NO  CHA  0.00"
"Page-3_Line-10","29604417","430","CT  EVAL  MOD  COMPLEX","0.0","Check the Amount","Page-3_Line-10  : 0€/18/20  0430  29604417  CT  EVAL  MOD  COMPLEX"
"Page-3_Line-12","06/18/20","430","CT  VISIT  NC","0.0","Check the Amount","Page-3_Line-12  : 06/18/20  0430  29609997  CT  VISIT  NC"
"Page-4_Line-32","29609997","430","CT  VISIT  NC  ie","0.0","Check the Amount","Page-4_Line-32  : 0€/19/20  0430  29609997  CT  VISIT  NC  ie)  .00"
"Page-4_Line-33","29600407","430","SELFCARE  MGMT  TRAIN  P/15M","0.0","Check the Amount","Page-4_Line-33  : 0€/19/20  0430  29600407  SELFCARE  MGMT  TRAIN  P/15M  7  .00"
"Page-6_Line-32","06/23/20","430","CT  VISIT  NC","0.0","Check the Amount","Page-6_Line-32  : 06/23/20  0430  29609997  CT  VISIT  NC  0.00"
"Page-6_Line-33","06/23/20","430","THERAPEUTIC  EXERCISE  P/15M","114.0","","Page-6_Line-33  : 06/23/20  0430  29600409  THERAPEUTIC  EXERCISE  P/15M  114.00"
"Page-6_Line-8","06/22/20","430","OCT  VISIT  NC","0.0","Check the Amount","Page-6_Line-8  : 06/22/20  0430  29609997  OCT  VISIT  NC  0.00"
"Page-6_Line-9","06/22/20","430","SELFCARE  MGMT  TRAIN  P/15M","147.0","","Page-6_Line-9  : 06/22/20  0430  29600407  SELFCARE  MGMT  TRAIN  P/15M  147.00"
"Page-7_Line-54","06/24/20","430","CT  VISIT  NC  o","0.0","Check the Amount","Page-7_Line-54  : 06/24/20  0430  29609997  CT  VISIT  NC  o .00"
"Page-7_Line-56","06/24/20","430","SELFCARE  MGMT  TRAIN  P/15M  T","0.0","Check the Amount","Page-7_Line-56  : 06/24/20  0430  29600407  SELFCARE  MGMT  TRAIN  P/15M  T -09"