"Position","Date","Search_Term","Description","Amount","FLAG","Line Info"
"Page-2_Line-39","06/17/20","0250","TOHEXOL  6000MG/1000ML  ORAL","0.0","Check the Amount","Page-2_Line-39  : 06/17/20  0250  33514099  TOHEXOL  6000MG/1000ML  ORAL"
"Page-2_Line-41","06/17/20","0250","ACETAMINOPHEN  325MG  TAR  (QTY  OF","2.6","","Page-2_Line-41  : 06/17/20  0250  33504363  ACETAMINOPHEN  325MG  TAR  (QTY  OF  0000002)  2.60"
"Page-2_Line-42","06/17/20","0250","PACITRACIN  OINT  30GM  TOP","0.0","Check the Amount","Page-2_Line-42  : 06/17/20  0250  33500540  PACITRACIN  OINT  30GM  TOP"
"Page-2_Line-44","06/17/20","0250","MINERAL  OIL  10  MI  LIQ  (QTY  OF","8.4","","Page-2_Line-44  : 06/17/20  0250  33503225  MINERAL  OIL  10  MI  LIQ  (QTY  OF  0000002)  8.40"
"Page-3_Line-20","06/18/20","0250","DOCUSATE  SODIUM  100MG  CAP","6.25","","Page-3_Line-20  : 06/18/20  0250  33501222  DOCUSATE  SODIUM  100MG  CAP  6.25"
"Page-3_Line-22","06/18/20","0250","NORCO  5/325MG  TABLET","26.5","","Page-3_Line-22  : 06/18/20  0250  33510696  NORCO  5/325MG  TABLET  26.50"
"Page-3_Line-23","06/18/20","0250","NORCO  5/325MG  TABLET","26.5","","Page-3_Line-23  : 06/18/20  0250  33510696  NORCO  5/325MG  TABLET  26.50"
"Page-3_Line-25","06/18/20","0250","LEVOTHYROXINE  SOD  0.025MG","15.5","","Page-3_Line-25  : 06/18/20  0250  33504139  LEVOTHYROXINE  SOD  0.025MG  15.50"
"Page-3_Line-26","06/18/20","0250","NORCO  5/325MG  TABLET","26.5","","Page-3_Line-26  : 06/18/20  0250  33510696  NORCO  5/325MG  TABLET  26.50"
"Page-3_Line-28","06/17/20","0250","NORCO  5/325MG  TABLET","26.5","","Page-3_Line-28  : 06/17/20  0250  33510696  NORCO  5/325MG  TABLET  26.50"
"Page-3_Line-31","06/18/20","0250","BUPROPRION  SR  150MG  TAB  (QTY  OF","53.0","","Page-3_Line-31  : 06/18/20  0250  33501534  BUPROPRION  SR  150MG  TAB  (QTY  OF  0000002)  53.00"
"Page-3_Line-32","06/18/20","0250","DIVALPROEX  SODIUM  250MG  DR  (QTY  OF","56.5","","Page-3_Line-32  : 06/18/20  0250  33501571  DIVALPROEX  SODIUM  250MG  DR  (QTY  OF  0000002)  56.50"
"Page-3_Line-33","06/18/20","0250","DULOXETINE  30MG  CAPSULE","72.0","","Page-3_Line-33  : 06/18/20  0250  33508944  DULOXETINE  30MG  CAPSULE  72.00"
"Page-4_Line-47","06/19/20","0250","DIVALFROEX  SODIUM  250MG  DR  (QTY  OF","56.5","","Page-4_Line-47  : 06/19/20  0250  33501571  DIVALFROEX  SODIUM  250MG  DR  (QTY  OF  0000002)  56.50"
"Page-4_Line-48","06/19/20","0250","DOCUSATE  SODIUM  100MG  CAP","0.0","Check the Amount","Page-4_Line-48  : 06/19/20  0250  33501222  DOCUSATE  SODIUM  100MG  CAP"
"Page-4_Line-51","06/18/20","0250","THROMBIN  5,000  U  (RECOMB","5000.0","","Page-4_Line-51  : 06/18/20  0250  33511429  THROMBIN  5,000  U  (RECOMB)"
"Page-4_Line-53","06/19/20","0250","LEVOTHYROXINE  SOD  0.025MG","0.025","","Page-4_Line-53  : 06/19/20  0250  33504139  LEVOTHYROXINE  SOD  0.025MG"
"Page-4_Line-55","06/19/20","0250","DOCUSATE  SODIUM  100MG  CAP","0.0","Check the Amount","Page-4_Line-55  : 06/19/20  0250  33501222  DOCUSATE  SODIUM  100MG  CAP"
"Page-4_Line-56","06/19/20","0250","DULOXETINE  30MG  CAPSULE","0.0","Check the Amount","Page-4_Line-56  : 06/19/20  0250  33508944  DULOXETINE  30MG  CAPSULE"
"Page-4_Line-58","06/19/20","0250","BUPROPION  XI  150MG  TABLET  (QTY  OF","110.5","","Page-4_Line-58  : 06/19/20  0250  32508260  BUPROPION  XI  150MG  TABLET  (QTY  OF  0000002)  110.50"
"Page-5_Line-13","06/20/20","0250","DIVALPROEX  SODIUM  250MG  DR  (QTY  OF","56.5","","Page-5_Line-13  : 06/20/20  0250  33501571  DIVALPROEX  SODIUM  250MG  DR  (QTY  OF  0000002)  56.50"
"Page-5_Line-14","06/20/20","0250","DOCUSATE  SODIUM  100MG  CAP","6.25","","Page-5_Line-14  : 06/20/20  0250  33501222  DOCUSATE  SODIUM  100MG  CAP  6.25"
"Page-5_Line-17","06/20/20","0250","LEVOTHYROXINE  SOD  0.025MG","15.5","","Page-5_Line-17  : 06/20/20  0250  33504139  LEVOTHYROXINE  SOD  0.025MG  15.50"
"Page-5_Line-19","06/20/20","0250","BUPROPION  XL  150MG  TABLET  (QTY  OF","110.5","","Page-5_Line-19  : 06/20/20  0250  33508260  BUPROPION  XL  150MG  TABLET  (QTY  OF  0000002)  110.50"
"Page-5_Line-20","06/20/20","0250","DOCUSATE  SODIUM  100MG  CAP","6.25","","Page-5_Line-20  : 06/20/20  0250  33501222  DOCUSATE  SODIUM  100MG  CAP  6.25"
"Page-5_Line-21","06/20/20","0250","DULOXETINE  30MG  CAPSULE","72.0","","Page-5_Line-21  : 06/20/20  0250  33508944  DULOXETINE  30MG  CAPSULE  72.00"
"Page-5_Line-33","06/21/20","0250","BUPROPION  XI  150MG  TABLET  (QTY  OF","110.5","","Page-5_Line-33  : 06/21/20  0250  33508260  BUPROPION  XI  150MG  TABLET  (QTY  OF  0000002)  110.50"
"Page-5_Line-34","06/21/20","0250","LEVOTHYROXINE  SOD  0.025MG","15.5","","Page-5_Line-34  : 06/21/20  0250  33504139  LEVOTHYROXINE  SOD  0.025MG  15.50"
"Page-5_Line-37","06/21/20","0250","DOCUSATE  SODIUM  100MG  CAP","6.25","","Page-5_Line-37  : 06/21/20  0250  33501222  DOCUSATE  SODIUM  100MG  CAP  6.25"
"Page-5_Line-38","06/21/20","0250","DULOXETINE  30MG  CAPSULE","72.0","","Page-5_Line-38  : 06/21/20  0250  33508944  DULOXETINE  30MG  CAPSULE  72.00"
"Page-5_Line-40","06/21/20","0250","DOCUSATE  SODIUM  100MG  CAP","6.25","","Page-5_Line-40  : 06/21/20  0250  33501222  DOCUSATE  SODIUM  100MG  CAP  6.25"
"Page-5_Line-41","06/21/20","0250","DIVALPROEX  SODIUM  250MG  DR  (QTY  OF","56.5","","Page-5_Line-41  : 06/21/20  0250  33501571  DIVALPROEX  SODIUM  250MG  DR  (QTY  OF  0000002)  56.50"
"Page-6_Line-13","06/22/20","0250","DIVALPROEX  SODIUM  250MG  DR  (QTY  OF","56.5","","Page-6_Line-13  : 06/22/20  0250  33501571  DIVALPROEX  SODIUM  250MG  DR  (QTY  OF  0000002)  56.50"
"Page-6_Line-14","06/22/20","0250","DOCUSATE  SODIUM  100MG  CAP","6.25","","Page-6_Line-14  : 06/22/20  0250  33501222  DOCUSATE  SODIUM  100MG  CAP  6.25"
"Page-6_Line-16","06/22/20","0250","LEVOTHYROXINE  SOD  0.025MG","15.5","","Page-6_Line-16  : 06/22/20  0250  33504139  LEVOTHYROXINE  SOD  0.025MG  15.50"
"Page-6_Line-18","06/22/20","0250","BUPROPION  XL  150MG  TABLET  (QTY  OF","110.5","","Page-6_Line-18  : 06/22/20  0250  33508260  BUPROPION  XL  150MG  TABLET  (QTY  OF  0000002)  110.50"
"Page-6_Line-19","06/22/20","0250","DOCUSATE  SODIUM  100MG  CAP","6.25","","Page-6_Line-19  : 06/22/20  0250  33501222  DOCUSATE  SODIUM  100MG  CAP  6.25"
"Page-6_Line-20","33508944","0250","DULOXETINE  30MG  CAPSULE","72.0","","Page-6_Line-20  : 0€/22/20  0250  33508944  DULOXETINE  30MG  CAPSULE  72.00"
"Page-6_Line-35","06/23/20","0250","DIVALPROEX  SODIUM  250MG  DR  (QTY  OF","56.5","","Page-6_Line-35  : 06/23/20  0250  33501571  DIVALPROEX  SODIUM  250MG  DR  (QTY  OF  0000002)  56.50"
"Page-6_Line-37","06/23/20","0250","ACETAMINOPHEN  325MG  TAB  (QTY  OF","2.69","","Page-6_Line-37  : 06/23/20  0250  33504363  ACETAMINOPHEN  325MG  TAB  (QTY  OF  0000002)  2.69"
"Page-6_Line-38","06/23/20","0250","DOCUSATE  SODIUM  100MG  CAP","6.25","","Page-6_Line-38  : 06/23/20  0250  33501222  DOCUSATE  SODIUM  100MG  CAP  6.25"
"Page-6_Line-39","06/23/20","0250","LEVOTHYROXINE  SOD  0.025MG","15.5","","Page-6_Line-39  : 06/23/20  0250  32504139  LEVOTHYROXINE  SOD  0.025MG  15.50"
"Page-6_Line-41","06/23/20","0250","BUPROPION  XL  150MG  TABLET  (QTY  OF","110.5","","Page-6_Line-41  : 06/23/20  0250  33508260  BUPROPION  XL  150MG  TABLET  (QTY  OF  0000002)  110.50"
"Page-6_Line-42","06/23/20","0250","DOCUSATE  SODIUM  100MG  CAP","6.25","","Page-6_Line-42  : 06/23/20  0250  32501222  DOCUSATE  SODIUM  100MG  CAP  6.25"
"Page-6_Line-43","06/23/20","0250","DULOXETINE  30MG  CAPSULE","72.0","","Page-6_Line-43  : 06/23/20  0250  33508944  DULOXETINE  30MG  CAPSULE  72.00"
"Page-7_Line-40","06/24/20","0250","LEVOTHYROXINE  SOD  0.025MG","15.5","","Page-7_Line-40  : 06/24/20  0250  33504139  LEVOTHYROXINE  SOD  0.025MG  15.50"
"Page-7_Line-41","06/24/20","0250","BUPROPION  XL  150MG  TABLET  (QTY  OF","110.5","","Page-7_Line-41  : 06/24/20  0250  33508260  BUPROPION  XL  150MG  TABLET  (QTY  OF  0000002)  110.50"
"Page-7_Line-42","06/24/20","0250","DOCUSATE  SODIUM  100MG  CAP","6.25","","Page-7_Line-42  : 06/24/20  0250  32501222  DOCUSATE  SODIUM  100MG  CAP  6.25"
"Page-7_Line-43","06/24/20","0250","DULOXETINE  30MG  CAPSULE","72.0","","Page-7_Line-43  : 06/24/20  0250  33508944  DULOXETINE  30MG  CAPSULE  72.00"