"Position","Date","Search_Term","Description","Amount","FLAG","Line Info"
"Page-2_Line-21","06/17/20","636","LOCM  350-  399  MG/ML  FER  1  (oly  OF","3262.59","","Page-2_Line-21  : 06/17/20  0636  67016915  LOCM  350-  399  MG/ML  FER  1  (oly  OF  0000075)  3262.59"
"Page-2_Line-52","N/A","636","HYDROMORFHONE  0.5MG  ISECUR","9.5","","Page-2_Line-52  : 0€/17/20  0636  HYDROMORFHONE  0.5MG  ISECUR  9.50"
"Page-2_Line-57","06/17/20","636","REMIFENTANIL  5MG  VIAL","473.0","","Page-2_Line-57  : 06/17/20  0636    REMIFENTANIL  5MG  VIAL  473.00"
"Page-2_Line-59","3501916","636","w3 3501916  SOD  CHLORIDE  0.9%  1COML  IN","102.0","","Page-2_Line-59  : 0€/17/20  0636  w3 3501916  SOD  CHLORIDE  0.9%  1COML  IN  102.00"
"Page-3_Line-19","33502309","636","HEPARIN  SODIUM  5000  UNITS","0.0","Check the Amount","Page-3_Line-19  : 0€/18/20  0636  33502309  HEPARIN  SODIUM  5000  UNITS/"
"Page-3_Line-30","06/18/20","636","HUMALOG(LISPRO)  LOOUNITS/ML","0.0","Check the Amount","Page-3_Line-30  : 06/18/20  0636    512187  HUMALOG(LISPRO)  LOOUNITS/ML"
"Page-3_Line-38","06/18/20","636","HEPARIN  SODIUM  5000  UNITS","0.0","Check the Amount","Page-3_Line-38  : 06/18/20  0636    502309  HEPARIN  SODIUM  5000  UNITS/"
"Page-3_Line-42","06/18/20","636","CEFAZOLIN  1LGM/DEXTROSE","0.0","Check the Amount","Page-3_Line-42  : 06/18/20  0636  508225  CEFAZOLIN  1LGM/DEXTROSE  5%"
"Page-3_Line-45","06/18/20","636","CEFAZOLIN  1GM/DEXTROSE","0.0","Check the Amount","Page-3_Line-45  : 06/18/20  0636  508225  CEFAZOLIN  1GM/DEXTROSE  5%"
"Page-3_Line-7","67016914","636","LOCM  300  -  349  MG/ML  PER  1  (QTY  OF","0.0","Check the Amount","Page-3_Line-7  : 0€/18/20  0636  67016914  LOCM  300  -  349  MG/ML  PER  1  (QTY  OF  0000100)"
"Page-4_Line-34","06/19/20","636","POT  PHOSPHATE  15MM/15ML  IN","0.0","Check the Amount","Page-4_Line-34  : 06/19/20  0636  33500252  POT  PHOSPHATE  15MM/15ML  IN  <  -  00"
"Page-4_Line-35","33502419","636","SODIUM  CHLORIDE  0.9%  250ML","0.9","","Page-4_Line-35  : 0€/19/20  0636  33502419  SODIUM  CHLORIDE  0.9%  250ML"
"Page-4_Line-36","33502309","636","HEPARIN  SODIUM  5000  UNITS","64.0","","Page-4_Line-36  : 0€/19/20  0636  33502309  HEPARIN  SODIUM  5000  UNITS/  64.00"
"Page-4_Line-55","06/18/20","636","a 04604  LIDOCAINE  HCL  1%  EPINE.20M","78.25","","Page-4_Line-55  : 06/18/20  0636  a 04604  LIDOCAINE  HCL  1%  EPINE.20M  78.25"
"Page-4_Line-62","06/17/20","636","WWa 08225  CEFAZOLIN  1GM/DEXTROSE","78.25","","Page-4_Line-62  : 06/17/20  0636  WWa 08225  CEFAZOLIN  1GM/DEXTROSE  5%  78.25"
"Page-4_Line-68","N/A","636","WWn 02309  HEPARIN  SODIUM  5000  UNITS","64.0","","Page-4_Line-68  : 0€/19/20  0636  WWn 02309  HEPARIN  SODIUM  5000  UNITS/  64.00"
"Page-4_Line-72","06/17/20","636","wWn 04412  DEXAMATHASONE  4MG/ML  VIAL","42.59","","Page-4_Line-72  : 06/17/20  0636  wWn 04412  DEXAMATHASONE  4MG/ML  VIAL  42.59"
"Page-4_Line-74","06/17/20","636","WWn 13486  ACETAMINOPHEN  1GM/100ML","58.0","","Page-4_Line-74  : 06/17/20  0636  WWn 13486  ACETAMINOPHEN  1GM/100ML  58.00"
"Page-4_Line-76","06/17/20","636","FENTANYL  CIT  1LOOMCG/2ML  IN","0.0","Check the Amount","Page-4_Line-76  : 06/17/20  0636  02114  FENTANYL  CIT  1LOOMCG/2ML  IN  30:02 9"
"Page-4_Line-80","06/17/20","636","n 02963  ONDANSETRON  2MG/ML  2ML  INJ","292.09","","Page-4_Line-80  : 06/17/20  0636  n 02963  ONDANSETRON  2MG/ML  2ML  INJ  292.09"
"Page-4_Line-83","06/17/20","636","WW 01682  ROCURONIUM  LOMG/5ML  VIAL  I  (QTY  OF","448.0","","Page-4_Line-83  : 06/17/20  0636  WW 01682  ROCURONIUM  LOMG/5ML  VIAL  I  (QTY  OF  0000002)  448.00"
"Page-4_Line-85","06/17/20","636","a SUGAMMADEX  200MG/2ML  INT","352.0","","Page-4_Line-85  : 06/17/20  0636  a SUGAMMADEX  200MG/2ML  INT  352.00"
"Page-4_Line-88","06/17/20","636","wOA PROPOFOL  1000  MG/100  ML  IN  (QTY  OF","1822.0","","Page-4_Line-88  : 06/17/20  0636  wOA PROPOFOL  1000  MG/100  ML  IN  (QTY  OF  0000003)  1822.00"
"Page-4_Line-90","06/17/20","636","LIDOCAINE  2%  VIAL  5ML  INJ","43.75","","Page-4_Line-90  : 06/17/20  0636  LIDOCAINE  2%  VIAL  5ML  INJ  43.75"
"Page-4_Line-91","06/17/20","636","FHENYLEPHRINE  80MCG/ML  LOM","361.0","","Page-4_Line-91  : 06/17/20  0636  32510299  FHENYLEPHRINE  80MCG/ML  LOM  361.00"
"Page-5_Line-12","06/20/20","636","HEPARIN  SODIUM  5000  UNITS","0.0","Check the Amount","Page-5_Line-12  : 06/20/20  0636  33502309  HEPARIN  SODIUM  5000  UNITS/"
"Page-5_Line-23","06/20/20","636","TRON  SUCROSE  2Z0MG/ML  5ML  I  (QTY  OF","1608.0","","Page-5_Line-23  : 06/20/20  0636  TRON  SUCROSE  2Z0MG/ML  5ML  I  (QTY  OF  0000002)  1608.00"
"Page-5_Line-29","06/20/20","636","W HEPARIN  SODIUM  5000  UNITS","0.0","Check the Amount","Page-5_Line-29  : 06/20/20  0636   W HEPARIN  SODIUM  5000  UNITS/"
"Page-5_Line-52","06/21/20","636","HEPARIN  SODIUM  5000  UNITS","0.0","Check the Amount","Page-5_Line-52  : 06/21/20  0636  HEPARIN  SODIUM  5000  UNITS/"
"Page-5_Line-53","06/21/20","636","TRON  SUCROSE  ZOMG/ML  5ML  I  (QTY  OF","1608.09","","Page-5_Line-53  : 06/21/20  0636  TRON  SUCROSE  ZOMG/ML  5ML  I  (QTY  OF  0000002)  1608.09"
"Page-5_Line-56","06/21/20","636","HEPARIN  SODIUM  5000  UNITS","0.0","Check the Amount","Page-5_Line-56  : 06/21/20  0636  HEPARIN  SODIUM  5000  UNITS/"
"Page-6_Line-12","06/22/20","636","HEPARIN  SODIUM  5000  UNITS","64.0","","Page-6_Line-12  : 06/22/20  0636  33502309  HEPARIN  SODIUM  5000  UNITS/  64.00"
"Page-6_Line-17","06/22/20","636","HEPARIN  SODIUM  5000  UNITS","64.0","","Page-6_Line-17  : 06/22/20  0636  33502309  HEPARIN  SODIUM  5000  UNITS/  64.00"
"Page-6_Line-21","06/22/20","636","TRON  SUCROSE  20MG/ML  5ML  I  (QTY  OF","1608.0","","Page-6_Line-21  : 06/22/20  0636  33507159  TRON  SUCROSE  20MG/ML  5ML  I  (QTY  OF  0000002)  1608.00"
"Page-6_Line-34","06/23/20","636","HEPARIN  SODIUM  5000  UNITS","64.0","","Page-6_Line-34  : 06/23/20  0636  33502309  HEPARIN  SODIUM  5000  UNITS/  64.00"
"Page-6_Line-40","06/23/20","636","HEPARIN  SODIUM  5000  UNITS","64.0","","Page-6_Line-40  : 06/23/20  0636  33502309  HEPARIN  SODIUM  5000  UNITS/  64.00"
"Page-7_Line-63","06/24/20","636","HEPARIN  SODIUM  5000  UNITS","64.0","","Page-7_Line-63  : 06/24/20  0636  22502209  HEPARIN  SODIUM  5000  UNITS/  64.00"