"Position","Date","Search_Term","Description","Amount","FLAG","Line Info"
"Page-3_Line-42","06/18/20","311","SELECTIVE  CELL  ENHANCEMNT","421.0","","Page-3_Line-42  : 06/18/20  0311  22800147  SELECTIVE  CELL  ENHANCEMNT  421.00"
"Page-7_Line-10","06/23/20","311","FLOW  CYITMIRY  EA  ADD  MRKR  P","149.0","","Page-7_Line-10  : 06/23/20  0311  38501062  FLOW  CYITMIRY  EA  ADD  MRKR  P  149.00"
"Page-7_Line-11","06/23/20","311","FLOW  CYTMIRY  EA  ADD  MRKR  P","149.0","","Page-7_Line-11  : 06/23/20  0311  38501062  FLOW  CYTMIRY  EA  ADD  MRKR  P  149.00"
"Page-7_Line-12","06/23/20","311","FLOW  CYIMIRY  EA  ADD  MRKR  P","149.0","","Page-7_Line-12  : 06/23/20  0311  38501062  FLOW  CYIMIRY  EA  ADD  MRKR  P  149.00"
"Page-7_Line-13","06/23/20","311","FLOW  CYTMIRY  EA  ADD  MRKR  P","149.0","","Page-7_Line-13  : 06/23/20  0311  38501062  FLOW  CYTMIRY  EA  ADD  MRKR  P  149.00"
"Page-7_Line-14","06/23/20","311","FLOW  CYTMIRY  EA  ADD  MRKR  P","149.0","","Page-7_Line-14  : 06/23/20  0311  38501062  FLOW  CYTMIRY  EA  ADD  MRKR  P  149.00"
"Page-7_Line-15","06/23/20","311","FLOW  CYIMIRY  EA  ADD  MRKR  P","149.0","","Page-7_Line-15  : 06/23/20  0311  38501062  FLOW  CYIMIRY  EA  ADD  MRKR  P  149.00"
"Page-7_Line-16","06/23/20","311","FLOW  CYTMIRY  EA  ADD  MRKR  P","149.0","","Page-7_Line-16  : 06/23/20  0311  38501062  FLOW  CYTMIRY  EA  ADD  MRKR  P  149.00"
"Page-7_Line-17","06/23/20","311","FLOW  CYTMIRY  EA  ADD  MRKR  P","149.0","","Page-7_Line-17  : 06/23/20  0311  38501062  FLOW  CYTMIRY  EA  ADD  MRKR  P  149.00"
"Page-7_Line-18","06/23/20","311","FLOW  CYIMIRY  EA  ADD  MRKR  P","149.0","","Page-7_Line-18  : 06/23/20  0311  38501062  FLOW  CYIMIRY  EA  ADD  MRKR  P  149.00"
"Page-7_Line-19","06/23/20","311","FLOW  CYTMIRY  EA  ADD  MRKR  P","149.0","","Page-7_Line-19  : 06/23/20  0311  38501062  FLOW  CYTMIRY  EA  ADD  MRKR  P  149.00"
"Page-7_Line-20","06/23/20","311","FLOW  CYTMIRY  EA  ADD  MRKR  P","149.0","","Page-7_Line-20  : 06/23/20  0311  38501062  FLOW  CYTMIRY  EA  ADD  MRKR  P  149.00"
"Page-7_Line-21","06/23/20","311","FLOW  CYIMIRY  EA  ADD  MRKR  P","149.0","","Page-7_Line-21  : 06/23/20  0311  38501062  FLOW  CYIMIRY  EA  ADD  MRKR  P  149.00"
"Page-7_Line-22","06/23/20","311","FLOW  CYITMIRY  EA  ADD  MRKR  P","149.0","","Page-7_Line-22  : 06/23/20  0311  38501062  FLOW  CYITMIRY  EA  ADD  MRKR  P  149.00"
"Page-7_Line-23","06/23/20","311","FLOW  CYTMIRY  EA  ADD  MRKR  P","149.0","","Page-7_Line-23  : 06/23/20  0311  38501062  FLOW  CYTMIRY  EA  ADD  MRKR  P  149.00"
"Page-7_Line-24","06/23/20","311","FLOW  CYIMIRY  EA  ADD  MRKR  FP","149.0","","Page-7_Line-24  : 06/23/20  0311  38501062  FLOW  CYIMIRY  EA  ADD  MRKR  FP  149.00"
"Page-7_Line-25","06/23/20","311","FLOW  CYTMIRY  EA  ADD  MRKR  P","149.0","","Page-7_Line-25  : 06/23/20  0311  38501062  FLOW  CYTMIRY  EA  ADD  MRKR  P  149.00"
"Page-7_Line-26","06/23/20","311","FLOW  CYTMIRY  EA  ADD  MRKR  P","149.0","","Page-7_Line-26  : 06/23/20  0311  38501062  FLOW  CYTMIRY  EA  ADD  MRKR  P  149.00"
"Page-7_Line-27","06/23/20","311","FLOW  CYIMIRY  EA  ADD  MRKR  P","149.0","","Page-7_Line-27  : 06/23/20  0311  38501062  FLOW  CYIMIRY  EA  ADD  MRKR  P  149.00"
"Page-7_Line-28","06/23/20","311","FLOW  CYTMIRY  EA  ADD  MRKR  P","149.0","","Page-7_Line-28  : 06/23/20  0311  38501062  FLOW  CYTMIRY  EA  ADD  MRKR  P  149.00"
"Page-7_Line-29","06/23/20","311","FLOW  CYTMIRY  EA  ADD  MRKR  P","149.0","","Page-7_Line-29  : 06/23/20  0311  38501062  FLOW  CYTMIRY  EA  ADD  MRKR  P  149.00"
"Page-7_Line-30","06/23/20","311","FLOW  CYIMIRY  16  OR  >  MKR  P","1466.0","","Page-7_Line-30  : 06/23/20  0311  38501063  FLOW  CYIMIRY  16  OR  >  MKR  P  1466.00"
"Page-7_Line-46","06/17/20","311","FISH  HIGH-GRADE  LYMPHOMA  P","0.0","Check the Amount","Page-7_Line-46  : 06/17/20  0311  38504973  FISH  HIGH-GRADE  LYMPHOMA  P  0.00"
"Page-7_Line-47","06/17/20","311","MOLECULAR  GENETICS  P4973","473.0","","Page-7_Line-47  : 06/17/20  0311  38504974  MOLECULAR  GENETICS  P4973  473.00"
"Page-7_Line-48","06/17/20","311","MOLECULAR  GENETICS  P4973","473.0","","Page-7_Line-48  : 06/17/20  0311  38504974  MOLECULAR  GENETICS  P4973  473.00"
"Page-7_Line-49","06/17/20","311","MOLECULAR  GENETICS  P4973","473.0","","Page-7_Line-49  : 06/17/20  0311  38504974  MOLECULAR  GENETICS  P4973  473.00"
"Page-7_Line-50","06/17/20","311","MOLECULAR  GENETICS  P4973","473.0","","Page-7_Line-50  : 06/17/20  0311  38504974  MOLECULAR  GENETICS  P4973  473.00"
"Page-7_Line-51","06/17/20","311","MOLECULAR  GENETICS  P4973","473.0","","Page-7_Line-51  : 06/17/20  0311  38504974  MOLECULAR  GENETICS  P4973  473.00"
"Page-7_Line-52","06/17/20","311","MOLECULAR  GENETICS  P4973","473.0","","Page-7_Line-52  : 06/17/20  0311  38504974  MOLECULAR  GENETICS  P4973  473.00"
"Page-7_Line-53","06/17/20","311","O311  38504975  IN  SITU  HYBRIDIZATION  P497","473.0","","Page-7_Line-53  : 06/17/20  O311  38504975  IN  SITU  HYBRIDIZATION  P497  473.00"
"Page-7_Line-54","06/17/20","311","IN  SITU  HYBRIDIZATION  F497","473.0","","Page-7_Line-54  : 06/17/20  0311  38504975  IN  SITU  HYBRIDIZATION  F497  473.00"
"Page-7_Line-55","06/17/20","311","O311  38504975  IN  SITU  HYBRIDIZATION  P497","473.0","","Page-7_Line-55  : 06/17/20  O311  38504975  IN  SITU  HYBRIDIZATION  P497  473.00"
"Page-7_Line-8","06/23/20","311","FLOW  CYTOMETRY  1ST  MRKR  Pl","234.0","","Page-7_Line-8  : 06/23/20  0311  38501061  FLOW  CYTOMETRY  1ST  MRKR  Pl  234.00"
"Page-7_Line-9","06/23/20","311","FLOW  CYIMIRY  EA  ADD  MRKR  P","149.0","","Page-7_Line-9  : 06/23/20  0311  38501062  FLOW  CYIMIRY  EA  ADD  MRKR  P  149.00"