"Position","Date","Search_Term","Description","Amount","FLAG","Line Info"
"Page-8_Line-50","021221","390","E0336  RBC  CPD  AS1  500  LR  PIOLE","445.0","","Page-8_Line-50  : 0390  E0336  RBC  CPD  AS1  500  LR  PIOLE  021221  1  445.00"
"Page-8_Line-51","021221","390","E0336  RBC  CPD  AS1  500  LR  P9016","445.0","","Page-8_Line-51  : 0390  E0336  RBC  CPD  AS1  500  LR  P9016  021221  1  445,00"
"Page-8_Line-52","021221","390","E7003  APH  PLT  ACDA  PASC  PIO35","1160.0","","Page-8_Line-52  : 0390  E7003  APH  PLT  ACDA  PASC  PIO35  021221  1  1160.00"
"Page-8_Line-53","021221","390","E7002  APH  PLT  ACDA  PASC  P9035  021221  a","1160.0","","Page-8_Line-53  : 0390  E7002  APH  PLT  ACDA  PASC  P9035  021221  a  1160.00"
"Page-8_Line-54","021421","390","E0181  RBC  CPD  500  LR  P9016","445.0","","Page-8_Line-54  : 0390  E0181  RBC  CPD  500  LR  P9016  021421  1  445.00"
"Page-8_Line-55","021421","390","E0336  RBC  CPD  AS1  500  LR  IPI016  021421  L","445.0","","Page-8_Line-55  : 0390  E0336  RBC  CPD  AS1  500  LR  IPI016  021421  L  445.00"