Position,Date,Search_Term,Description,Amount,FLAG,Line Info
Page-6_Line-32,21221,278,WIRE  FLEXIBLE  STERNAL,252,,Page-6_Line-32  : 0278  WIRE  FLEXIBLE  STERNAL  #7  021221  2  252.00
Page-6_Line-33,21221,278,HEMOSTAT  ABSORBENT  4X8,536,,Page-6_Line-33  : 0278  HEMOSTAT  ABSORBENT  4X8  1  021221  1  536.00
Page-6_Line-34,N/A,278,No Description,103,Check the Amount,Page-6_Line-34  : 0278
Page-6_Line-36,21221,278,CATH  MEDIASTINAL  9MM,282,,Page-6_Line-36  : 0278  CATH  MEDIASTINAL  9MM  1729  021221  2  282.00
Page-6_Line-37,21221,278,PATCH  TEFLON  FELT  CUSTOM  1768  021221  Nu,207,,Page-6_Line-37  : 0278  PATCH  TEFLON  FELT  CUSTOM  1768  021221  Nu  207.00
