"Position","Date","Search_Term","Description","Amount","FLAG","Line Info"
"Page-6_Line-38","021221","300","BLOOD  COLLECTION  VENIPUN  Bé415","24.0","","Page-6_Line-38  : 0300  BLOOD  COLLECTION  VENIPUN  Bé415  021221  1  24.00"
"Page-6_Line-39","021221","300","COLLECTION:  VENOUS  DRAW  B6415  021221  ql","24.0","","Page-6_Line-39  : 0300  COLLECTION:  VENOUS  DRAW  B6415  021221  ql  24.00"
"Page-6_Line-40","021221","300","COLLECTION:  VENOUS  DRAW  B6415","24.0","","Page-6_Line-40  : 0300  COLLECTION:  VENOUS  DRAW  B6415  021221  1  24.00"
"Page-6_Line-41","N/A","300","No Description","0.0","Check the Amount","Page-6_Line-41  : 0300"
"Page-6_Line-43","021221","300","COLLECTION:  VENOUS  DRAW  B6415","24.0","","Page-6_Line-43  : 0300  COLLECTION:  VENOUS  DRAW  B6415  021221  1  24.00"
"Page-6_Line-44","021221","300","COLLECTION:  VENOUS  DRAW  Bé415","24.0","","Page-6_Line-44  : 0300  COLLECTION:  VENOUS  DRAW  Bé415  021221  1  24.00"
"Page-6_Line-45","021221","300","COLLECTION:  VENOUS  DRAW  B6415  021221  i","24.0","","Page-6_Line-45  : 0300  COLLECTION:  VENOUS  DRAW  B6415  021221  i  24.00"
"Page-6_Line-46","021221","300","BASIC  METABOLIC  PANEL  0048  021221  ql","184.0","","Page-6_Line-46  : 0300  BASIC  METABOLIC  PANEL  0048  021221  ql  184.00"
"Page-6_Line-47","021221","300","CKMB  (CK  TOTAL  +  CKMB)  2553  021221  i","178.0","","Page-6_Line-47  : 0300  CKMB  (CK  TOTAL  +  CKMB)  2553  021221  i  178.00"
"Page-6_Line-48","021221","300","CKMB  (CK  TOTAL  +  CKMB","178.0","","Page-6_Line-48  : 0300  CKMB  (CK  TOTAL  +  CKMB)  2553  021221  1  178.00"
"Page-6_Line-49","021221","300","PERF  COAG  TIME  ACTIVATED","1026.0","","Page-6_Line-49  : 0300  PERF  COAG  TIME  ACTIVATED  5347  021221  9  1026.00"
"Page-6_Line-50","021321","300","COLLECTION;  VENOUS  DRAW  B6415","24.0","","Page-6_Line-50  : 0300  COLLECTION;  VENOUS  DRAW  B6415  021321  4  24.00"
"Page-6_Line-51","021321","300","BASIC  METABOLIC  PANEL","184.0","","Page-6_Line-51  : 0300  BASIC  METABOLIC  PANEL  0048  021321  1  184.00"
"Page-6_Line-53","021421","300","COLLECTION:  VENOUS  DRAW  B6415     021421     ali","24.0","","Page-6_Line-53  : 0300  COLLECTION:  VENOUS  DRAW  B6415     021421     ali    24.00"
"Page-6_Line-54","021421","300","COLLECTION:  VENOUS  DRAW  B6415","24.0","","Page-6_Line-54  : 0300  COLLECTION:  VENOUS  DRAW  B6415  021421  1  24.00"
"Page-6_Line-55","021421","300","COLLECTION:  VENOUS  DRAW  Bé6415","24.0","","Page-6_Line-55  : 0300  COLLECTION:  VENOUS  DRAW  Bé6415  021421  1  24.00"
"Page-6_Line-56","021421","300","COLLECTION:  VENOUS  DRAW  B6415","24.0","","Page-6_Line-56  : 0300  COLLECTION:  VENOUS  DRAW  B6415  021421  1  24.00"
"Page-6_Line-57","021421","300","COLLECTION:  VENOUS  DRAW  B6415","24.0","","Page-6_Line-57  : 0300  COLLECTION:  VENOUS  DRAW  B6415  021421  1  24.00"
"Page-6_Line-58","021421","300","COLLECTION:  VENOUS  DRAW  B6415","24.0","","Page-6_Line-58  : 0300  COLLECTION:  VENOUS  DRAW  B6415  021421  1  24.00"
"Page-6_Line-59","021421","300","COLLECTION:  VENOUS  DRAW  B6415","24.0","","Page-6_Line-59  : 0300  COLLECTION:  VENOUS  DRAW  B6415  021421  1  24.00"
"Page-6_Line-60","021421","300","COLLECTION:  VENOUS  DRAW  B6415","24.0","","Page-6_Line-60  : 0300  COLLECTION:  VENOUS  DRAW  B6415  021421  1  24.00"
"Page-6_Line-61","021421","300","COLLECTION:  VENOUS  DRAW","24.0","","Page-6_Line-61  : 0300  COLLECTION:  VENOUS  DRAW  36415  021421  1  24.00"
"Page-6_Line-62","021421","300","COLLECTION:  VENOUS  DRAW  B6415","24.0","","Page-6_Line-62  : 0300  COLLECTION:  VENOUS  DRAW  B6415  021421  4  24.00"
"Page-6_Line-63","021421","300","BASIC  METABOLIC  PANEL","184.0","","Page-6_Line-63  : 0300  BASIC  METABOLIC  PANEL  0048  021421  1  184.00"
"Page-6_Line-64","021421","300","CKMB  (CK  TOTAL  +  CKMB","178.0","","Page-6_Line-64  : 0300  CKMB  (CK  TOTAL  +  CKMB)  2553  021421  1  178.00"
"Page-6_Line-65","021421","300","BB  ABO","112.0","","Page-6_Line-65  : 0300  BB  ABO  6900  021421  1  112.00"
"Page-6_Line-66","021421","300","BB  RH","114.0","","Page-6_Line-66  : 0300  BB  RH  6901  021421  1  114.00"
"Page-6_Line-67","021521","300","COLLECTION:  VENOUS  DRAW","24.0","","Page-6_Line-67  : 0300  COLLECTION:  VENOUS  DRAW  36415  021521  1  24.00"
"Page-6_Line-68","021521","300","BASIC  METABOLIC  PANEL","184.0","","Page-6_Line-68  : 0300  BASIC  METABOLIC  PANEL  0048  021521  1  184.00"
"Page-6_Line-70","021621","300","COLLECTION:  VENOUS  DRAW  B6415","24.0","","Page-6_Line-70  : 0300  COLLECTION:  VENOUS  DRAW  B6415  021621  1  24.00"
"Page-6_Line-71","021621","300","COLLECTION:  VENOUS  DRAW","24.0","","Page-6_Line-71  : 0300  COLLECTION:  VENOUS  DRAW  36415  021621  1  24,00"
"Page-6_Line-72","021624","300","BASIC  METABOLIC  PANEL","184.0","","Page-6_Line-72  : 0300  BASIC  METABOLIC  PANEL  0048  021624  1  184.00"
"Page-9_Line-25","021221","300","CV  ELECTROCARDIOGRAM  12  3005   021221  yj","356.0","","Page-9_Line-25  : 073 0  |CV  ELECTROCARDIOGRAM  12  3005   021221  yj  356.00"
"Page-9_Line-26","021321","300","CV  ELECTROCARDIOGRAM","356.0","","Page-9_Line-26  : 0730  |CV  ELECTROCARDIOGRAM  12  3005  021321  1  356,00"
"Page-9_Line-27","021421","300","CV  ELECTROCARDIOGRAM  12  3005  021421  i","356.0","","Page-9_Line-27  : 0730  |CV  ELECTROCARDIOGRAM  12  3005  021421  i  356.00"