"Position","Date","Search_Term","Description","Amount","FLAG","Line Info"
"Page-2_Line-39","021221","EPHEDRINE","JANES  EPHEDRINE  50  MG","12.4","","Page-2_Line-39  : 0250  JANES  EPHEDRINE  50  MG/10  021221  1  12.40"
"Page-2_Line-41","021221","EPHEDRINE","JANES  EPHEDRINE  50  MG","6.2","","Page-2_Line-41  : 0250  JANES  EPHEDRINE  50  MG/10  021221  1  6.20"
"Page-2_Line-42","021221","EPHEDRINE","ANES  EPHEDRINE  50  MG","18.6","","Page-2_Line-42  : 0250    |ANES  EPHEDRINE  50  MG/10    021221    1    18.60"
"Page-2_Line-44","021221","EPHEDRINE","ANES  EPHEDRINE  50  MG/10  021221  i","12.4","","Page-2_Line-44  : 0250  |ANES  EPHEDRINE  50  MG/10  021221  i  12.40"
"Page-2_Line-45","021221","EPHEDRINE","ANES  EPHEDRINE  50  MG","12.4","","Page-2_Line-45  : 0250  |ANES  EPHEDRINE  50  MG/10  021221  1  12.40"
"Page-2_Line-55","021221","EPHEDRINE","ANES  EPHEDRINE  50  MG/10  021221  ne","18.6","","Page-2_Line-55  : 0250  |ANES  EPHEDRINE  50  MG/10  021221  ne  18.60"
"Page-2_Line-61","021221","EPHEDRINE","ANES  EPHEDRINE  50  MG","18.6","","Page-2_Line-61  : 0250  |ANES  EPHEDRINE  50  MG/10  021221  1  18.60"
"Page-3_Line-40","021221","EPHEDRINE","ANES  EPHEDRINE  50  MG","12.4","","Page-3_Line-40  : 0250  |ANES  EPHEDRINE  50  MG/10  021221  1  12.40"