"Position","Date","Search_Term","Description","Amount","FLAG","Line Info"
"Page-3_Line-45","021221","ASPIRIN","ASPIRIN  81  MG  CHEWABLE  T","1.0","","Page-3_Line-45  : 0250  |ASPIRIN  81  MG  CHEWABLE  T  021221  1  1.00"
"Page-4_Line-19","021321","ASPIRIN","JASPIRIN  81  MG  CHEWABLE  T","1.0","","Page-4_Line-19  : 0250  JASPIRIN  81  MG  CHEWABLE  T  021321  1  1.00"
"Page-4_Line-34","021421","ASPIRIN","ASPIRIN  81  MG  CHEWABLE  T","1.0","","Page-4_Line-34  : 0250  |ASPIRIN  81  MG  CHEWABLE  T  021421  1  1.00"
"Page-4_Line-51","021521","ASPIRIN","ASPIRIN  81  MG  CHEWABLE  T","1.0","","Page-4_Line-51  : 0250  {ASPIRIN  81  MG  CHEWABLE  T  021521  1  1,00"
"Page-5_Line-20","021621","ASPIRIN","ASPIRIN  81  MG  CHEWABLE  T","1.0","","Page-5_Line-20  : 0250  {ASPIRIN  81  MG  CHEWABLE  T  021621  1  1.00"
"Page-5_Line-35","021721","ASPIRIN","ASPIRIN  81  MG  CHEWABLE  T","1.0","","Page-5_Line-35  : 0250  |ASPIRIN  81  MG  CHEWABLE  T  021721  1  1.00"
"Page-5_Line-47","021821","ASPIRIN","ASPIRIN  81  MG  CHEWABLE  T","1.0","","Page-5_Line-47  : 0250  ASPIRIN  81  MG  CHEWABLE  T  021821  1  1.00"