"Position","Date","Search_Term","Description","Amount","FLAG","Line Info"
"Page-6_Line-35","01/12/2021","MORPHINE","MORPHINE  10  MG/ML  SOLN  1  ML  CARTRIDGE","15.0","","Page-6_Line-35  : 0636  (01/12/2021|  7955  |636  MORPHINE  10  MG/ML  SOLN  1  ML  CARTRIDGE  15.00"
"Page-6_Line-47","01/13/2021","MORPHINE","d  |636  MORPHINE  10  MG/ML  SQOLN  1  ML  CARI  RIDGE","19.0","","Page-6_Line-47  : 0636  (01/13/2021)  (95d  |636  MORPHINE  10  MG/ML  SQOLN  1  ML  CARI  RIDGE  19.00"
"Page-6_Line-54","01/14/2021","MORPHINE","MORPHINE  10  MG/ML  SQLN  1  ML  CARI  RIDGE","19.0","","Page-6_Line-54  : 0636  (01/14/2021)  (950  [636  MORPHINE  10  MG/ML  SQLN  1  ML  CARI  RIDGE  19.00"
"Page-7_Line-17","01/15/2021","MORPHINE","MORPHINE  10  MG/ML  SOLN  1  ML  CARI  RIDGE","19.0","","Page-7_Line-17  : 0636  (01/15/2021  MORPHINE  10  MG/ML  SOLN  1  ML  CARI  RIDGE  1  19.00"
"Page-7_Line-20","01/16/2021","MORPHINE","MORPHINE  10  MG/ML  SOLN  1  ML  CARTRIDGE","15.0","","Page-7_Line-20  : 0636  /01/16/2021  MORPHINE  10  MG/ML  SOLN  1  ML  CARTRIDGE  1  15.00"
"Page-7_Line-23","01/17/2021","MORPHINE","MORPHINE  10  MG/ML  SOLN  1  ML  CARTRIDGE","15.0","","Page-7_Line-23  : 0636  [01/17/2021  MORPHINE  10  MG/ML  SOLN  1  ML  CARTRIDGE  1  15.00"