"Position","Date","Search_Term","Description","Amount","FLAG","Line Info"
"Page-6_Line-33","01/12/2021","636","HEPARIN  SODIUM  (PORCINE)  100  UNIT/ML  IV","15.0","","Page-6_Line-33  : 0636  (01/12/2021)  7955  |636  HEPARIN  SODIUM  (PORCINE)  100  UNIT/ML  IV  15.00"
"Page-6_Line-35","01/12/2021","636","MORPHINE  10  MG/ML  SOLN  1  ML  CARTRIDGE","15.0","","Page-6_Line-35  : 0636  (01/12/2021|  7955  |636  MORPHINE  10  MG/ML  SOLN  1  ML  CARTRIDGE  15.00"
"Page-6_Line-37","01/12/2021","636","SODIUM  CHLORIDE  0.9  %  SOLN  50  ML  FLEX","15.0","","Page-6_Line-37  : 0636  (01/12/2021)  7955  |636  SODIUM  CHLORIDE  0.9  %  SOLN  50  ML  FLEX  15.00"
"Page-6_Line-40","01/13/2021","636","SODIUM  CHLORIDE  0.9  %  SOLN","19.0","","Page-6_Line-40  : 0636  (01/13/2021)  /925  [636  SODIUM  CHLORIDE  0.9  %  SOLN  19.00"
"Page-6_Line-41","01/13/2021","636","SODIUM  CHLORIDE  0.9  %  SOLN  25  ML  FLEX","19.0","","Page-6_Line-41  : 0636  01/13/2021)  (955  636  SODIUM  CHLORIDE  0.9  %  SOLN  25  ML  FLEX  19.00"
"Page-6_Line-43","01/13/2021","636","o  [636  SODIUM  CHLORIDE  0.9  %  SOLN","12.0","","Page-6_Line-43  : 0636  (01/13/2021)  /92o  [636  SODIUM  CHLORIDE  0.9  %  SOLN  12.00"
"Page-6_Line-44","01/13/2021","636","d  [636  SODIUM  CHLORIDE  0.9  %  SOLN  25  ML  FLEX","12.0","","Page-6_Line-44  : 0636  01/13/2021)  (95d  [636  SODIUM  CHLORIDE  0.9  %  SOLN  25  ML  FLEX  12.00"
"Page-6_Line-46","01/13/2021","636","foo  [636  SODIUM  CHLORIDE  0.9  %  SOLN","19.0","","Page-6_Line-46  : 0636  (01/13/2021)  (foo  [636  SODIUM  CHLORIDE  0.9  %  SOLN  19.00"
"Page-6_Line-47","01/13/2021","636","d  |636  MORPHINE  10  MG/ML  SQOLN  1  ML  CARI  RIDGE","19.0","","Page-6_Line-47  : 0636  (01/13/2021)  (95d  |636  MORPHINE  10  MG/ML  SQOLN  1  ML  CARI  RIDGE  19.00"
"Page-6_Line-48","01/13/2021","636","SODIUM  CHLORIDE  0.9  %  SOLN  250  ML  FLEX","12.0","","Page-6_Line-48  : 0636  (01/13/2021)  /925  [636  SODIUM  CHLORIDE  0.9  %  SOLN  250  ML  FLEX  12.00"
"Page-6_Line-50","01/13/2021","636","d  [636  SODIUM  CHLORIDE  0.9  %  SOLN  25  ML  FLEX","19.0","","Page-6_Line-50  : 0636  01/13/2021)  (95d  [636  SODIUM  CHLORIDE  0.9  %  SOLN  25  ML  FLEX  19.00"
"Page-6_Line-52","01/14/2021","636","SODIUM  CHLORIDE  0.9  %  SOLN  25  ML  FLEX","19.0","","Page-6_Line-52  : 0636  01/14/2021)  (955  [636  SODIUM  CHLORIDE  0.9  %  SOLN  25  ML  FLEX  19.00"
"Page-6_Line-54","01/14/2021","636","MORPHINE  10  MG/ML  SQLN  1  ML  CARI  RIDGE","19.0","","Page-6_Line-54  : 0636  (01/14/2021)  (950  [636  MORPHINE  10  MG/ML  SQLN  1  ML  CARI  RIDGE  19.00"
"Page-6_Line-55","01/14/2021","636","SODIUM  CHLORIDE  0.9  %  SOLN  250  ML  FLEX","15.0","","Page-6_Line-55  : 0636  01/14/2021}  7955  |636  SODIUM  CHLORIDE  0.9  %  SOLN  250  ML  FLEX  15.00"
"Page-7_Line-17","01/15/2021","636","MORPHINE  10  MG/ML  SOLN  1  ML  CARI  RIDGE","19.0","","Page-7_Line-17  : 0636  (01/15/2021  MORPHINE  10  MG/ML  SOLN  1  ML  CARI  RIDGE  1  19.00"
"Page-7_Line-18","01/15/2021","636","SODIUM  CHLORIDE  0.9  %  SOLN  20  ML  FLEX","19.0","","Page-7_Line-18  : 0636  (01/15/2021  SODIUM  CHLORIDE  0.9  %  SOLN  20  ML  FLEX  1  19.00"
"Page-7_Line-20","01/16/2021","636","MORPHINE  10  MG/ML  SOLN  1  ML  CARTRIDGE","15.0","","Page-7_Line-20  : 0636  /01/16/2021  MORPHINE  10  MG/ML  SOLN  1  ML  CARTRIDGE  1  15.00"
"Page-7_Line-21","01/16/2021","636","SODIUM  CHLORIDE  0.9  %  SOLN  50  ML  FLEX","15.0","","Page-7_Line-21  : 0636  (01/16/2021  SODIUM  CHLORIDE  0.9  %  SOLN  50  ML  FLEX  4  15.00"
"Page-7_Line-23","01/17/2021","636","MORPHINE  10  MG/ML  SOLN  1  ML  CARTRIDGE","15.0","","Page-7_Line-23  : 0636  [01/17/2021  MORPHINE  10  MG/ML  SOLN  1  ML  CARTRIDGE  1  15.00"
"Page-7_Line-24","01/17/2021","636","SODIUM  CHLORIDE  0.9  %  SOLN  50  ML  FLEX","15.0","","Page-7_Line-24  : 0636  [01/17/2021  SODIUM  CHLORIDE  0.9  %  SOLN  50  ML  FLEX  1  15.00"
"Page-7_Line-26","01/25/2021","636","LIDOCAINE  HCL  1  %  INJ  SOLN  (BILLING  UNIT","15.0","","Page-7_Line-26  : 0636  (01/25/2021  LIDOCAINE  HCL  1  %  INJ  SOLN  (BILLING  UNIT  -  1  15.00"
"Page-7_Line-28","01/27/2021","636","HEPATITIS  B  VAC  RECOMBINANT","73.0","","Page-7_Line-28  : 0636  (01/27/2021  636  HEPATITIS  B  VAC  RECOMBINANT  10  1  73.00"