"Position","Date","Search_Term","Description","Amount","FLAG","Line Info"
"Page-5_Line-22","01/13/2021","441","SPLIT  STERILE  DOCK  PROCEDURE","208.0","","Page-5_Line-22  : 0309  (01/13/2021)  74135  [1441063  (SPLIT  STERILE  DOCK  PROCEDURE  1  208.00"
"Page-5_Line-43","01/18/2021","441","O4A1  01/18/2021)  (28/  |803441/2   |FEEDING  |  HERAPY  IP  1  AG0","0.0","Check the Amount","Page-5_Line-43  : O4A1  01/18/2021)  (28/  |803441/2   |FEEDING  |  HERAPY  IP  1  AG0.00"
"Page-5_Line-44","01/20/2021","441","FEEDING  |HEKAPY  IP","60.0","","Page-5_Line-44  : 0441  (01/20/2021)  /98/  [9034472  [FEEDING  |HEKAPY  IP  4  (60.00"
"Page-5_Line-45","01/21/2021","441","O441  (01/21/2021)  /98/  |90344/2   |FEEDING  |  HEKAPY  IP  4  AGO","0.0","Check the Amount","Page-5_Line-45  : O441  (01/21/2021)  /98/  |90344/2   |FEEDING  |  HEKAPY  IP  4  AGO.00"
"Page-5_Line-46","01/22/2021","441","FEEDING  |HEKAPY  IP","60.0","","Page-5_Line-46  : 0441  (01/22/2021)  (98/  [9034472  [FEEDING  |HEKAPY  IP  4  (60.00"
"Page-5_Line-47","01/29/2021","441","FEEDING  |HEKAPY  IP","60.0","","Page-5_Line-47  : 0441  (01/29/2021)  /98/  [9034472  [FEEDING  |HEKAPY  IP  4  (60.00"
"Page-5_Line-49","01/27/2021","441","FEEDING  |HEKAPY  IP","60.0","","Page-5_Line-49  : 0441  (01/27/2021)  (98/  [9034472  [FEEDING  |HEKAPY  IP  4  (60.00"