"Position","Date","Search_Term","Description","Amount","FLAG","Line Info"
"Page-5_Line-31","01/13/2021","390","BLOOD  TYPING  SEROLOGIC  ABO","145.0","","Page-5_Line-31  : 0390  (01/13/2021)  7135  [1412006  (BLOOD  TYPING  SEROLOGIC  ABO  1  145.00"
"Page-5_Line-32","01/13/2021","390","RH  (D","145.0","","Page-5_Line-32  : 0390  (01/13/2021)  7135  |1440056  |RH  (D)  1  145.00"
"Page-5_Line-33","01/13/2021","390","PPF  FRESH  FROZEN  PLASMA  ALIQUOT","162.0","","Page-5_Line-33  : 0390  (01/13/2021|  7135  (9044448  9  (|PPF  FRESH  FROZEN  PLASMA  ALIQUOT  1  162.00"
"Page-5_Line-35","01/21/2021","390","THERAPEUTIC  EXERCISE  IP  PT","306.0","","Page-5_Line-35  : 0420    (01/21/2021)     7987     (2933901    /THERAPEUTIC  EXERCISE  IP  PT     2    306.00"
"Page-5_Line-36","01/26/2021","390","THERAPEUTIC  EXERCISE  IP  PI","306.0","","Page-5_Line-36  : 0420  (01/26/2021)  /98/  (2933901  THERAPEUTIC  EXERCISE  IP  PI  2  306.00"
"Page-8_Line-27","N/A","390","For  questions  regarding  this  statement  please  call  1-866-390-3610.  If  you  are  calling  from  outside  the  United  States","0.0","Check the Amount","Page-8_Line-27  : For  questions  regarding  this  statement  please  call  1-866-390-3610.  If  you  are  calling  from  outside  the  United  States"