"Position","Date","Search_Term","Description","Amount","FLAG","Line Info"
"Page-2_Line-35","01/12/2021","250","DEXTROSE  70  %  SOLN  2,000  ML  PLAS  CONT","15.0","","Page-2_Line-35  : 0250  (01/12/2021)  7955  |250  DEXTROSE  70  %  SOLN  2,000  ML  PLAS  CONT  1  15.00"
"Page-2_Line-37","01/13/2021","250","a5  [250  IPN  -  NEONATAL  (NICU)  SI  ARI  EK  SQLUIION","229.0","","Page-2_Line-37  : 0290  (01/13/2021)  /9a5  [250  IPN  -  NEONATAL  (NICU)  SI  ARI  EK  SQLUIION  1  229.00"
"Page-2_Line-39","01/13/2021","250","a5  [250  AMPICILLIN  SODIUM  INJ  (BILLING  UNIT","19.0","","Page-2_Line-39  : 0290  (01/13/2021)  /9a5  [250  AMPICILLIN  SODIUM  INJ  (BILLING  UNIT  =  200  4  19.00"
"Page-2_Line-41","01/13/2021","250","a5  [250  AMPICILLIN  SODIUM  =  INJ  (BILLING  UNIT","12.0","","Page-2_Line-41  : 0290  (01/13/2021)  /9a5  [250  AMPICILLIN  SODIUM  =  INJ  (BILLING  UNIT  =  200  1  12.00"
"Page-2_Line-43","01/13/2021","250","FA]  EMULSION  MIXED-QIL  20  %  EMULSION  ars","12.0","","Page-2_Line-43  : 0290  (01/13/2021)  /925  [250  FA]  EMULSION  MIXED-QIL  20  %  EMULSION  ars)  12.00"
"Page-2_Line-44","01/13/2021","250","a5  [250  IPN-PEDIAI  RIC  (2-IN-1)  BKC  VIA  CENIRKAL","240.0","","Page-2_Line-44  : 0290  (01/13/2021)  /9a5  [250  IPN-PEDIAI  RIC  (2-IN-1)  BKC  VIA  CENIRKAL  1  240.00"
"Page-2_Line-46","01/13/2021","250","AMPICILLIN  SODIUM  INJ  (BILLING  UNIT","19.0","","Page-2_Line-46  : 0290  (01/13/2021)  /925  [250  AMPICILLIN  SODIUM  INJ  (BILLING  UNIT  =  200  1  19.00"
"Page-2_Line-48","01/14/2021","250","AMPICILLIN  SODIUM  INJ  (BILLING  UNIT","12.0","","Page-2_Line-48  : 0290  (01/14/2021)  /925  [250  AMPICILLIN  SODIUM  INJ  (BILLING  UNIT  =  200  1  12.00"
"Page-2_Line-50","01/14/2021","250","ao  [250  IPN-PEDIAI  RIC  (2-IN-1)  BKC  VIA  CENIKAL","240.0","","Page-2_Line-50  : 0290  (01/14/2021)  /9ao  [250  IPN-PEDIAI  RIC  (2-IN-1)  BKC  VIA  CENIKAL  1  240.00"
"Page-2_Line-52","01/14/2021","250","FA]  EMULSION  MIXED-QIL  20  %  EMULSION  abs","12.0","","Page-2_Line-52  : 0290  (01/14/2021)  /925  [250  FA]  EMULSION  MIXED-QIL  20  %  EMULSION  abs)  12.00"
"Page-2_Line-54","01/15/2021","250","TPN  PEDIATRIC  (2  IN  1)  BKC  VIA  CENTRAL","240.0","","Page-2_Line-54  : 0250  (01/15/2021)  7955  |250  TPN  PEDIATRIC  (2  IN  1)  BKC  VIA  CENTRAL  1  240.00"
"Page-3_Line-17","01/16/2021","250","No Description","18.0","","Page-3_Line-17  : 0250  (01/16/2021  29  18.00"
"Page-3_Line-19","01/16/2021","250","No Description","240.0","","Page-3_Line-19  : 0250  (01/16/2021  1  240.00"
"Page-3_Line-22","N/A","250","No Description","240.0","","Page-3_Line-22  : 0250  |011  7/2021  1  240.00"
"Page-3_Line-25","01/18/2021","250","No Description","15.0","","Page-3_Line-25  : 0250  |01/18/2021  1  15.00"
"Page-3_Line-27","01/22/2021","250","No Description","15.0","","Page-3_Line-27  : 0250  |01/22/2021  1  15.00"
"Page-3_Line-30","01/23/2021","250","No Description","15.0","","Page-3_Line-30  : 0250  /01/23/2021  1  15.00"
"Page-3_Line-33","01/24/2021","250","No Description","15.0","","Page-3_Line-33  : 0250  /01/24/2021  1  15.00"
"Page-3_Line-36","01/25/2021","250","No Description","15.0","","Page-3_Line-36  : 0250  |01/25/2021  4  15.00"
"Page-3_Line-39","01/25/2021","250","No Description","15.0","","Page-3_Line-39  : 0250  |01/25/2021  1  15.00"
"Page-3_Line-42","01/26/2021","250","No Description","15.0","","Page-3_Line-42  : 0250  |01/26/2021  1  15.00"
"Page-3_Line-46","01/27/2021","250","No Description","15.0","","Page-3_Line-46  : 0250  /01/27/2021  250  1  15.00"
"Page-6_Line-48","01/13/2021","250","SODIUM  CHLORIDE  0.9  %  SOLN  250  ML  FLEX","12.0","","Page-6_Line-48  : 0636  (01/13/2021)  /925  [636  SODIUM  CHLORIDE  0.9  %  SOLN  250  ML  FLEX  12.00"
"Page-6_Line-55","01/14/2021","250","SODIUM  CHLORIDE  0.9  %  SOLN  250  ML  FLEX","15.0","","Page-6_Line-55  : 0636  01/14/2021}  7955  |636  SODIUM  CHLORIDE  0.9  %  SOLN  250  ML  FLEX  15.00"